Site,Species,Year,A1,A2,A3,A4,A5,A6,A7,A8,Amean,Atot,B1,B2,B3,B4,B5,B6,B7,B8,Bmean,Btot,Hectares,Perim_meters,DateBuilt,Altitude_ft,ImpSurf_acres2km,SmallRd_km2km,BigRD_km2km,Roads,ForestedStreams_km_2km,UrbanPct2km,BarrenPct2km,SuburbanPct2km,AgriculturePct2km,ForestPct2km,FieldPct2km,ShrubPct2km,WaterPct2km,WetlandPct2km,UrbanLPI_2km,BarrenLPI_2km,SuburbanLPI_2km,AgricultureLPI_2km,ForestLPI_2km,LowDensityForestLPI_2km,FieldLPI_2km,ShrubLPI_2km,WaterLPI_2km,WetlandLPI_2km,TotEdge_m_2km,EdgeDen_mperhect_2km,ContrastWeightedED_2km,TECI_2km,ECON_MN_2km,CLUMPY_2km,InterspersJuxt_2km
Avalon,Epfu,2019,0,0,6,NA,4,174,145,12,48.71428571,341,0,0,0,NA,0,29,9,0,5.428571429,38,42.09,8197.81,1971,11.02,665.642983,27.397,33.778,61.175,14.45,8.1434,1.7355,9.2804,1.9023,29.9722,11.4951,1.5488,14.3195,21.6027,5.284,0.6035,2.2436,1.6198,6.5925,0.5427,7.2503,0.2272,11.6184,13.0551,158520,80.394,52.6075,61.9216,62.4852,0.8963,82.2965
Avalon,HiF,2019,0,0,3,NA,4,23,12,20,8.857142857,62,0,0,0,NA,0,1,1,0,0.285714286,2,42.09,8197.81,1971,11.02,665.642983,27.397,33.778,61.175,14.45,8.1434,1.7355,9.2804,1.9023,29.9722,11.4951,1.5488,14.3195,21.6027,5.284,0.6035,2.2436,1.6198,6.5925,0.5427,7.2503,0.2272,11.6184,13.0551,158520,80.394,52.6075,61.9216,62.4852,0.8963,82.2965
Avalon,Labo,2019,0,0,4,NA,8,65,9,6,13.14285714,92,0,0,0,NA,1,9,1,2,1.857142857,13,42.09,8197.81,1971,11.02,665.642983,27.397,33.778,61.175,14.45,8.1434,1.7355,9.2804,1.9023,29.9722,11.4951,1.5488,14.3195,21.6027,5.284,0.6035,2.2436,1.6198,6.5925,0.5427,7.2503,0.2272,11.6184,13.0551,158520,80.394,52.6075,61.9216,62.4852,0.8963,82.2965
Avalon,Laci,2019,0,0,0,NA,0,0,0,0,0,0,0,0,0,NA,0,0,0,0,0,0,42.09,8197.81,1971,11.02,665.642983,27.397,33.778,61.175,14.45,8.1434,1.7355,9.2804,1.9023,29.9722,11.4951,1.5488,14.3195,21.6027,5.284,0.6035,2.2436,1.6198,6.5925,0.5427,7.2503,0.2272,11.6184,13.0551,158520,80.394,52.6075,61.9216,62.4852,0.8963,82.2965
Avalon,Lano,2019,0,0,1,NA,0,0,0,3,0.571428571,4,0,0,0,NA,0,0,0,0,0,0,42.09,8197.81,1971,11.02,665.642983,27.397,33.778,61.175,14.45,8.1434,1.7355,9.2804,1.9023,29.9722,11.4951,1.5488,14.3195,21.6027,5.284,0.6035,2.2436,1.6198,6.5925,0.5427,7.2503,0.2272,11.6184,13.0551,158520,80.394,52.6075,61.9216,62.4852,0.8963,82.2965
Avalon,LoF,2019,0,0,3,NA,3,21,66,45,19.71428571,138,0,0,0,NA,0,0,5,0,0.714285714,5,42.09,8197.81,1971,11.02,665.642983,27.397,33.778,61.175,14.45,8.1434,1.7355,9.2804,1.9023,29.9722,11.4951,1.5488,14.3195,21.6027,5.284,0.6035,2.2436,1.6198,6.5925,0.5427,7.2503,0.2272,11.6184,13.0551,158520,80.394,52.6075,61.9216,62.4852,0.8963,82.2965
Avalon,Luso,2019,0,0,0,NA,0,0,0,0,0,0,0,0,0,NA,0,0,0,0,0,0,42.09,8197.81,1971,11.02,665.642983,27.397,33.778,61.175,14.45,8.1434,1.7355,9.2804,1.9023,29.9722,11.4951,1.5488,14.3195,21.6027,5.284,0.6035,2.2436,1.6198,6.5925,0.5427,7.2503,0.2272,11.6184,13.0551,158520,80.394,52.6075,61.9216,62.4852,0.8963,82.2965
Avalon,Myle,2019,0,0,0,NA,0,0,0,0,0,0,0,0,0,NA,0,0,0,0,0,0,42.09,8197.81,1971,11.02,665.642983,27.397,33.778,61.175,14.45,8.1434,1.7355,9.2804,1.9023,29.9722,11.4951,1.5488,14.3195,21.6027,5.284,0.6035,2.2436,1.6198,6.5925,0.5427,7.2503,0.2272,11.6184,13.0551,158520,80.394,52.6075,61.9216,62.4852,0.8963,82.2965
Avalon,Myse,2019,0,0,0,NA,0,0,0,0,0,0,0,0,0,NA,0,0,0,0,0,0,42.09,8197.81,1971,11.02,665.642983,27.397,33.778,61.175,14.45,8.1434,1.7355,9.2804,1.9023,29.9722,11.4951,1.5488,14.3195,21.6027,5.284,0.6035,2.2436,1.6198,6.5925,0.5427,7.2503,0.2272,11.6184,13.0551,158520,80.394,52.6075,61.9216,62.4852,0.8963,82.2965
Avalon,Nyhu,2019,0,0,0,NA,0,0,0,0,0,0,0,0,0,NA,0,0,0,0,0,0,42.09,8197.81,1971,11.02,665.642983,27.397,33.778,61.175,14.45,8.1434,1.7355,9.2804,1.9023,29.9722,11.4951,1.5488,14.3195,21.6027,5.284,0.6035,2.2436,1.6198,6.5925,0.5427,7.2503,0.2272,11.6184,13.0551,158520,80.394,52.6075,61.9216,62.4852,0.8963,82.2965
Avalon,Pesu,2019,0,0,0,NA,0,0,0,0,0,0,0,0,0,NA,0,0,0,0,0,0,42.09,8197.81,1971,11.02,665.642983,27.397,33.778,61.175,14.45,8.1434,1.7355,9.2804,1.9023,29.9722,11.4951,1.5488,14.3195,21.6027,5.284,0.6035,2.2436,1.6198,6.5925,0.5427,7.2503,0.2272,11.6184,13.0551,158520,80.394,52.6075,61.9216,62.4852,0.8963,82.2965
CreamRidge,Epfu,2019,0,0,20,0,24,36,50,52,22.75,182,0,0,1,0,0,0,2,0,0.375,3,46.83,6646.31,1958,102.89,346.206336,38.477,9.523,48,61.22,1.3826,0.2602,12.594,59.2411,20.5727,0.905,0.8707,1.607,2.5666,0.5762,0.2544,2.7304,20.5974,4.8167,0.083,0.2431,0.2602,0.2576,0.5676,123530,66.1483,40.7286,59.814,51.9191,0.9001,68.1575
CreamRidge,HiF,2019,0,0,7,1,1,3,21,17,6.25,50,0,0,0,0,0,0,2,0,0.25,2,46.83,6646.31,1958,102.89,346.206336,38.477,9.523,48,61.22,1.3826,0.2602,12.594,59.2411,20.5727,0.905,0.8707,1.607,2.5666,0.5762,0.2544,2.7304,20.5974,4.8167,0.083,0.2431,0.2602,0.2576,0.5676,123530,66.1483,40.7286,59.814,51.9191,0.9001,68.1575
CreamRidge,Labo,2019,0,0,3,1,0,11,13,10,4.75,38,0,0,1,0,0,1,1,1,0.5,4,46.83,6646.31,1958,102.89,346.206336,38.477,9.523,48,61.22,1.3826,0.2602,12.594,59.2411,20.5727,0.905,0.8707,1.607,2.5666,0.5762,0.2544,2.7304,20.5974,4.8167,0.083,0.2431,0.2602,0.2576,0.5676,123530,66.1483,40.7286,59.814,51.9191,0.9001,68.1575
CreamRidge,Laci,2019,0,0,0,0,3,7,3,6,2.375,19,0,0,0,0,0,0,0,0,0,0,46.83,6646.31,1958,102.89,346.206336,38.477,9.523,48,61.22,1.3826,0.2602,12.594,59.2411,20.5727,0.905,0.8707,1.607,2.5666,0.5762,0.2544,2.7304,20.5974,4.8167,0.083,0.2431,0.2602,0.2576,0.5676,123530,66.1483,40.7286,59.814,51.9191,0.9001,68.1575
CreamRidge,Lano,2019,0,0,0,0,0,4,21,13,4.75,38,0,0,0,0,0,0,1,0,0.125,1,46.83,6646.31,1958,102.89,346.206336,38.477,9.523,48,61.22,1.3826,0.2602,12.594,59.2411,20.5727,0.905,0.8707,1.607,2.5666,0.5762,0.2544,2.7304,20.5974,4.8167,0.083,0.2431,0.2602,0.2576,0.5676,123530,66.1483,40.7286,59.814,51.9191,0.9001,68.1575
CreamRidge,LoF,2019,1,0,27,14,5,3,11,27,11,88,0,0,0,0,0,0,0,0,0,0,46.83,6646.31,1958,102.89,346.206336,38.477,9.523,48,61.22,1.3826,0.2602,12.594,59.2411,20.5727,0.905,0.8707,1.607,2.5666,0.5762,0.2544,2.7304,20.5974,4.8167,0.083,0.2431,0.2602,0.2576,0.5676,123530,66.1483,40.7286,59.814,51.9191,0.9001,68.1575
CreamRidge,Luso,2019,0,0,0,0,0,0,0,0,0,0,0,0,0,0,0,0,0,0,0,0,46.83,6646.31,1958,102.89,346.206336,38.477,9.523,48,61.22,1.3826,0.2602,12.594,59.2411,20.5727,0.905,0.8707,1.607,2.5666,0.5762,0.2544,2.7304,20.5974,4.8167,0.083,0.2431,0.2602,0.2576,0.5676,123530,66.1483,40.7286,59.814,51.9191,0.9001,68.1575
CreamRidge,Myle,2019,0,0,0,0,0,0,0,0,0,0,0,0,0,0,0,0,0,0,0,0,46.83,6646.31,1958,102.89,346.206336,38.477,9.523,48,61.22,1.3826,0.2602,12.594,59.2411,20.5727,0.905,0.8707,1.607,2.5666,0.5762,0.2544,2.7304,20.5974,4.8167,0.083,0.2431,0.2602,0.2576,0.5676,123530,66.1483,40.7286,59.814,51.9191,0.9001,68.1575
CreamRidge,Myse,2019,0,0,0,0,0,0,0,0,0,0,0,0,0,0,0,0,0,0,0,0,46.83,6646.31,1958,102.89,346.206336,38.477,9.523,48,61.22,1.3826,0.2602,12.594,59.2411,20.5727,0.905,0.8707,1.607,2.5666,0.5762,0.2544,2.7304,20.5974,4.8167,0.083,0.2431,0.2602,0.2576,0.5676,123530,66.1483,40.7286,59.814,51.9191,0.9001,68.1575
CreamRidge,Nyhu,2019,0,0,0,0,0,0,0,0,0,0,0,0,0,0,0,0,0,0,0,0,46.83,6646.31,1958,102.89,346.206336,38.477,9.523,48,61.22,1.3826,0.2602,12.594,59.2411,20.5727,0.905,0.8707,1.607,2.5666,0.5762,0.2544,2.7304,20.5974,4.8167,0.083,0.2431,0.2602,0.2576,0.5676,123530,66.1483,40.7286,59.814,51.9191,0.9001,68.1575
CreamRidge,Pesu,2019,0,0,0,0,0,0,0,0,0,0,0,0,0,0,0,0,0,0,0,0,46.83,6646.31,1958,102.89,346.206336,38.477,9.523,48,61.22,1.3826,0.2602,12.594,59.2411,20.5727,0.905,0.8707,1.607,2.5666,0.5762,0.2544,2.7304,20.5974,4.8167,0.083,0.2431,0.2602,0.2576,0.5676,123530,66.1483,40.7286,59.814,51.9191,0.9001,68.1575
Eastlyn,Epfu,2019,42,NA,93,158,17,NA,147,57,85.66666667,514,5,NA,0,7,2,NA,3,1,3,18,10.19,1980.09,1964,70.25,492.165918,59.545,4.97,64.515,19.02,2.0233,0.0875,23.7773,41.9386,28.4746,1.4229,1.142,0.5764,0.5574,0.2562,0.0723,10.3349,25.7366,6.5025,0.0831,0.2701,0.2708,0.0748,0.3957,87360,55.3932,35.8642,60.6487,60.8053,0.933,74.1613
Eastlyn,HiF,2019,0,NA,61,23,0,NA,50,25,26.5,159,0,NA,2,2,0,NA,5,0,1.5,9,10.19,1980.09,1964,70.25,492.165918,59.545,4.97,64.515,19.02,2.0233,0.0875,23.7773,41.9386,28.4746,1.4229,1.142,0.5764,0.5574,0.2562,0.0723,10.3349,25.7366,6.5025,0.0831,0.2701,0.2708,0.0748,0.3957,87360,55.3932,35.8642,60.6487,60.8053,0.933,74.1613
Eastlyn,Labo,2019,1,NA,92,48,3,NA,45,39,38,228,0,NA,12,6,0,NA,2,4,4,24,10.19,1980.09,1964,70.25,492.165918,59.545,4.97,64.515,19.02,2.0233,0.0875,23.7773,41.9386,28.4746,1.4229,1.142,0.5764,0.5574,0.2562,0.0723,10.3349,25.7366,6.5025,0.0831,0.2701,0.2708,0.0748,0.3957,87360,55.3932,35.8642,60.6487,60.8053,0.933,74.1613
Eastlyn,Laci,2019,0,NA,0,1,1,NA,2,1,0.833333333,5,0,NA,0,0,0,NA,0,0,0,0,10.19,1980.09,1964,70.25,492.165918,59.545,4.97,64.515,19.02,2.0233,0.0875,23.7773,41.9386,28.4746,1.4229,1.142,0.5764,0.5574,0.2562,0.0723,10.3349,25.7366,6.5025,0.0831,0.2701,0.2708,0.0748,0.3957,87360,55.3932,35.8642,60.6487,60.8053,0.933,74.1613
Eastlyn,Lano,2019,6,NA,6,1,5,NA,6,7,5.166666667,31,0,NA,0,0,1,NA,0,0,0.166666667,1,10.19,1980.09,1964,70.25,492.165918,59.545,4.97,64.515,19.02,2.0233,0.0875,23.7773,41.9386,28.4746,1.4229,1.142,0.5764,0.5574,0.2562,0.0723,10.3349,25.7366,6.5025,0.0831,0.2701,0.2708,0.0748,0.3957,87360,55.3932,35.8642,60.6487,60.8053,0.933,74.1613
Eastlyn,LoF,2019,1,NA,31,56,0,NA,22,19,21.5,129,0,NA,0,0,0,NA,0,0,0,0,10.19,1980.09,1964,70.25,492.165918,59.545,4.97,64.515,19.02,2.0233,0.0875,23.7773,41.9386,28.4746,1.4229,1.142,0.5764,0.5574,0.2562,0.0723,10.3349,25.7366,6.5025,0.0831,0.2701,0.2708,0.0748,0.3957,87360,55.3932,35.8642,60.6487,60.8053,0.933,74.1613
Eastlyn,Luso,2019,0,NA,1,0,0,NA,0,0,0.166666667,1,0,NA,0,0,0,NA,0,0,0,0,10.19,1980.09,1964,70.25,492.165918,59.545,4.97,64.515,19.02,2.0233,0.0875,23.7773,41.9386,28.4746,1.4229,1.142,0.5764,0.5574,0.2562,0.0723,10.3349,25.7366,6.5025,0.0831,0.2701,0.2708,0.0748,0.3957,87360,55.3932,35.8642,60.6487,60.8053,0.933,74.1613
Eastlyn,Myle,2019,0,NA,0,0,0,NA,0,0,0,0,0,NA,0,0,0,NA,0,0,0,0,10.19,1980.09,1964,70.25,492.165918,59.545,4.97,64.515,19.02,2.0233,0.0875,23.7773,41.9386,28.4746,1.4229,1.142,0.5764,0.5574,0.2562,0.0723,10.3349,25.7366,6.5025,0.0831,0.2701,0.2708,0.0748,0.3957,87360,55.3932,35.8642,60.6487,60.8053,0.933,74.1613
Eastlyn,Myse,2019,0,NA,0,0,0,NA,1,1,0.333333333,2,0,NA,0,0,0,NA,2,0,0.333333333,2,10.19,1980.09,1964,70.25,492.165918,59.545,4.97,64.515,19.02,2.0233,0.0875,23.7773,41.9386,28.4746,1.4229,1.142,0.5764,0.5574,0.2562,0.0723,10.3349,25.7366,6.5025,0.0831,0.2701,0.2708,0.0748,0.3957,87360,55.3932,35.8642,60.6487,60.8053,0.933,74.1613
Eastlyn,Nyhu,2019,0,NA,5,3,0,NA,2,2,2,12,0,NA,2,0,0,NA,0,0,0.333333333,2,10.19,1980.09,1964,70.25,492.165918,59.545,4.97,64.515,19.02,2.0233,0.0875,23.7773,41.9386,28.4746,1.4229,1.142,0.5764,0.5574,0.2562,0.0723,10.3349,25.7366,6.5025,0.0831,0.2701,0.2708,0.0748,0.3957,87360,55.3932,35.8642,60.6487,60.8053,0.933,74.1613
Eastlyn,Pesu,2019,0,NA,0,0,0,NA,5,13,3,18,0,NA,0,0,0,NA,0,1,0.166666667,1,10.19,1980.09,1964,70.25,492.165918,59.545,4.97,64.515,19.02,2.0233,0.0875,23.7773,41.9386,28.4746,1.4229,1.142,0.5764,0.5574,0.2562,0.0723,10.3349,25.7366,6.5025,0.0831,0.2701,0.2708,0.0748,0.3957,87360,55.3932,35.8642,60.6487,60.8053,0.933,74.1613
HarborPines,Epfu,2019,310,203,240,244,16,13,26,5,132.125,1057,12,11,16,15,0,1,1,0,7,56,74.69,21717.42,1996,21.32,2216.805901,97.902,33.95,131.852,41.26,6.7747,2.734,31.3412,1.9759,31.2989,4.6371,1.0927,5.4396,14.7059,2.1685,0.9375,8.4901,1.1149,14.2668,0.1461,2.2517,0.1766,1.4824,6.622,200850,82.6621,57.0978,63.021,61.5821,0.895,77.1229
HarborPines,HiF,2019,6,6,16,35,0,2,3,0,8.5,68,0,0,0,8,0,0,0,0,1,8,74.69,21717.42,1996,21.32,2216.805901,97.902,33.95,131.852,41.26,6.7747,2.734,31.3412,1.9759,31.2989,4.6371,1.0927,5.4396,14.7059,2.1685,0.9375,8.4901,1.1149,14.2668,0.1461,2.2517,0.1766,1.4824,6.622,200850,82.6621,57.0978,63.021,61.5821,0.895,77.1229
HarborPines,Labo,2019,11,9,9,32,2,2,4,2,8.875,71,1,1,2,4,0,0,0,0,1,8,74.69,21717.42,1996,21.32,2216.805901,97.902,33.95,131.852,41.26,6.7747,2.734,31.3412,1.9759,31.2989,4.6371,1.0927,5.4396,14.7059,2.1685,0.9375,8.4901,1.1149,14.2668,0.1461,2.2517,0.1766,1.4824,6.622,200850,82.6621,57.0978,63.021,61.5821,0.895,77.1229
HarborPines,Laci,2019,27,18,36,33,0,0,0,0,14.25,114,0,1,0,0,0,0,0,0,0.125,1,74.69,21717.42,1996,21.32,2216.805901,97.902,33.95,131.852,41.26,6.7747,2.734,31.3412,1.9759,31.2989,4.6371,1.0927,5.4396,14.7059,2.1685,0.9375,8.4901,1.1149,14.2668,0.1461,2.2517,0.1766,1.4824,6.622,200850,82.6621,57.0978,63.021,61.5821,0.895,77.1229
HarborPines,Lano,2019,38,43,22,20,0,0,0,0,15.375,123,2,3,0,0,0,0,0,0,0.625,5,74.69,21717.42,1996,21.32,2216.805901,97.902,33.95,131.852,41.26,6.7747,2.734,31.3412,1.9759,31.2989,4.6371,1.0927,5.4396,14.7059,2.1685,0.9375,8.4901,1.1149,14.2668,0.1461,2.2517,0.1766,1.4824,6.622,200850,82.6621,57.0978,63.021,61.5821,0.895,77.1229
HarborPines,LoF,2019,90,58,142,200,4,6,1,2,62.875,503,0,1,1,2,0,0,0,0,0.5,4,74.69,21717.42,1996,21.32,2216.805901,97.902,33.95,131.852,41.26,6.7747,2.734,31.3412,1.9759,31.2989,4.6371,1.0927,5.4396,14.7059,2.1685,0.9375,8.4901,1.1149,14.2668,0.1461,2.2517,0.1766,1.4824,6.622,200850,82.6621,57.0978,63.021,61.5821,0.895,77.1229
HarborPines,Luso,2019,3,0,1,11,0,0,0,0,1.875,15,0,0,0,4,0,0,0,0,0.5,4,74.69,21717.42,1996,21.32,2216.805901,97.902,33.95,131.852,41.26,6.7747,2.734,31.3412,1.9759,31.2989,4.6371,1.0927,5.4396,14.7059,2.1685,0.9375,8.4901,1.1149,14.2668,0.1461,2.2517,0.1766,1.4824,6.622,200850,82.6621,57.0978,63.021,61.5821,0.895,77.1229
HarborPines,Myle,2019,0,0,0,0,0,0,0,0,0,0,0,0,0,0,0,0,0,0,0,0,74.69,21717.42,1996,21.32,2216.805901,97.902,33.95,131.852,41.26,6.7747,2.734,31.3412,1.9759,31.2989,4.6371,1.0927,5.4396,14.7059,2.1685,0.9375,8.4901,1.1149,14.2668,0.1461,2.2517,0.1766,1.4824,6.622,200850,82.6621,57.0978,63.021,61.5821,0.895,77.1229
HarborPines,Myse,2019,0,0,0,0,0,0,0,0,0,0,0,0,0,0,0,0,0,0,0,0,74.69,21717.42,1996,21.32,2216.805901,97.902,33.95,131.852,41.26,6.7747,2.734,31.3412,1.9759,31.2989,4.6371,1.0927,5.4396,14.7059,2.1685,0.9375,8.4901,1.1149,14.2668,0.1461,2.2517,0.1766,1.4824,6.622,200850,82.6621,57.0978,63.021,61.5821,0.895,77.1229
HarborPines,Nyhu,2019,0,0,0,2,0,0,0,0,0.25,2,0,0,0,0,0,0,0,0,0,0,74.69,21717.42,1996,21.32,2216.805901,97.902,33.95,131.852,41.26,6.7747,2.734,31.3412,1.9759,31.2989,4.6371,1.0927,5.4396,14.7059,2.1685,0.9375,8.4901,1.1149,14.2668,0.1461,2.2517,0.1766,1.4824,6.622,200850,82.6621,57.0978,63.021,61.5821,0.895,77.1229
HarborPines,Pesu,2019,0,0,0,0,0,0,0,0,0,0,0,0,0,0,0,0,0,0,0,0,74.69,21717.42,1996,21.32,2216.805901,97.902,33.95,131.852,41.26,6.7747,2.734,31.3412,1.9759,31.2989,4.6371,1.0927,5.4396,14.7059,2.1685,0.9375,8.4901,1.1149,14.2668,0.1461,2.2517,0.1766,1.4824,6.622,200850,82.6621,57.0978,63.021,61.5821,0.895,77.1229
HighPoint,Epfu,2019,16,15,30,54,36,72,81,NA,43.42857143,304,5,8,2,4,2,6,13,NA,5.714285714,40,53.93,16903.43,1966,647.07,633.227306,45.516,21.956,67.472,37.58,2.5183,0.2576,13.1912,7.6869,60.0556,5.6478,2.3339,4.4871,3.8216,0.2976,0.0891,2.0146,1.538,21.1561,0.2903,1.0584,0.2629,1.2252,0.7028,252990,103.4259,60.8446,55.3855,54.2711,0.8951,79.7276
HighPoint,HiF,2019,2,2,6,3,2,5,3,NA,3.285714286,23,0,0,0,0,0,1,0,NA,0.142857143,1,53.93,16903.43,1966,647.07,633.227306,45.516,21.956,67.472,37.58,2.5183,0.2576,13.1912,7.6869,60.0556,5.6478,2.3339,4.4871,3.8216,0.2976,0.0891,2.0146,1.538,21.1561,0.2903,1.0584,0.2629,1.2252,0.7028,252990,103.4259,60.8446,55.3855,54.2711,0.8951,79.7276
HighPoint,Labo,2019,0,0,3,1,4,0,2,NA,1.428571429,10,0,0,0,0,0,0,0,NA,0,0,53.93,16903.43,1966,647.07,633.227306,45.516,21.956,67.472,37.58,2.5183,0.2576,13.1912,7.6869,60.0556,5.6478,2.3339,4.4871,3.8216,0.2976,0.0891,2.0146,1.538,21.1561,0.2903,1.0584,0.2629,1.2252,0.7028,252990,103.4259,60.8446,55.3855,54.2711,0.8951,79.7276
HighPoint,Laci,2019,7,3,15,15,10,14,1,NA,9.285714286,65,1,0,1,0,0,3,0,NA,0.714285714,5,53.93,16903.43,1966,647.07,633.227306,45.516,21.956,67.472,37.58,2.5183,0.2576,13.1912,7.6869,60.0556,5.6478,2.3339,4.4871,3.8216,0.2976,0.0891,2.0146,1.538,21.1561,0.2903,1.0584,0.2629,1.2252,0.7028,252990,103.4259,60.8446,55.3855,54.2711,0.8951,79.7276
HighPoint,Lano,2019,7,9,9,25,6,12,3,NA,10.14285714,71,0,4,1,0,1,1,0,NA,1,7,53.93,16903.43,1966,647.07,633.227306,45.516,21.956,67.472,37.58,2.5183,0.2576,13.1912,7.6869,60.0556,5.6478,2.3339,4.4871,3.8216,0.2976,0.0891,2.0146,1.538,21.1561,0.2903,1.0584,0.2629,1.2252,0.7028,252990,103.4259,60.8446,55.3855,54.2711,0.8951,79.7276
HighPoint,LoF,2019,3,10,7,14,3,13,4,NA,7.714285714,54,0,0,0,0,0,1,0,NA,0.142857143,1,53.93,16903.43,1966,647.07,633.227306,45.516,21.956,67.472,37.58,2.5183,0.2576,13.1912,7.6869,60.0556,5.6478,2.3339,4.4871,3.8216,0.2976,0.0891,2.0146,1.538,21.1561,0.2903,1.0584,0.2629,1.2252,0.7028,252990,103.4259,60.8446,55.3855,54.2711,0.8951,79.7276
HighPoint,Luso,2019,4,8,8,16,8,1,3,NA,6.857142857,48,1,1,1,2,2,1,1,NA,1.285714286,9,53.93,16903.43,1966,647.07,633.227306,45.516,21.956,67.472,37.58,2.5183,0.2576,13.1912,7.6869,60.0556,5.6478,2.3339,4.4871,3.8216,0.2976,0.0891,2.0146,1.538,21.1561,0.2903,1.0584,0.2629,1.2252,0.7028,252990,103.4259,60.8446,55.3855,54.2711,0.8951,79.7276
HighPoint,Myle,2019,0,0,0,0,0,0,0,NA,0,0,0,0,0,0,0,0,0,NA,0,0,53.93,16903.43,1966,647.07,633.227306,45.516,21.956,67.472,37.58,2.5183,0.2576,13.1912,7.6869,60.0556,5.6478,2.3339,4.4871,3.8216,0.2976,0.0891,2.0146,1.538,21.1561,0.2903,1.0584,0.2629,1.2252,0.7028,252990,103.4259,60.8446,55.3855,54.2711,0.8951,79.7276
HighPoint,Myse,2019,0,0,0,0,0,0,0,NA,0,0,0,0,0,0,0,0,0,NA,0,0,53.93,16903.43,1966,647.07,633.227306,45.516,21.956,67.472,37.58,2.5183,0.2576,13.1912,7.6869,60.0556,5.6478,2.3339,4.4871,3.8216,0.2976,0.0891,2.0146,1.538,21.1561,0.2903,1.0584,0.2629,1.2252,0.7028,252990,103.4259,60.8446,55.3855,54.2711,0.8951,79.7276
HighPoint,Nyhu,2019,0,0,0,0,0,0,0,NA,0,0,0,0,0,0,0,0,0,NA,0,0,53.93,16903.43,1966,647.07,633.227306,45.516,21.956,67.472,37.58,2.5183,0.2576,13.1912,7.6869,60.0556,5.6478,2.3339,4.4871,3.8216,0.2976,0.0891,2.0146,1.538,21.1561,0.2903,1.0584,0.2629,1.2252,0.7028,252990,103.4259,60.8446,55.3855,54.2711,0.8951,79.7276
HighPoint,Pesu,2019,0,2,0,2,0,0,0,NA,0.571428571,4,0,0,0,1,0,0,0,NA,0.142857143,1,53.93,16903.43,1966,647.07,633.227306,45.516,21.956,67.472,37.58,2.5183,0.2576,13.1912,7.6869,60.0556,5.6478,2.3339,4.4871,3.8216,0.2976,0.0891,2.0146,1.538,21.1561,0.2903,1.0584,0.2629,1.2252,0.7028,252990,103.4259,60.8446,55.3855,54.2711,0.8951,79.7276
Neshanic,Epfu,2019,21,1,111,82,4,2,14,13,31,248,0,0,8,2,0,0,0,0,1.25,10,100.14,9927.44,2004,108.47,845.187681,52.8,16.26,69.06,42.64,3.52,0.478,31.7935,40.7363,9.5078,4.1238,5.3252,2.5887,1.9266,1.2262,0.2332,11.8181,6.4237,0.7939,0.2009,1.2654,0.4425,1.4682,0.2262,97640,45.6255,29.1709,62.1778,59.5656,0.8255,84.2082
Neshanic,HiF,2019,1,0,3,2,0,2,0,0,1,8,0,0,0,0,0,0,0,0,0,0,100.14,9927.44,2004,108.47,845.187681,52.8,16.26,69.06,42.64,3.52,0.478,31.7935,40.7363,9.5078,4.1238,5.3252,2.5887,1.9266,1.2262,0.2332,11.8181,6.4237,0.7939,0.2009,1.2654,0.4425,1.4682,0.2262,97640,45.6255,29.1709,62.1778,59.5656,0.8255,84.2082
Neshanic,Labo,2019,1,0,2,1,0,0,4,0,1,8,0,0,0,0,0,0,0,0,0,0,100.14,9927.44,2004,108.47,845.187681,52.8,16.26,69.06,42.64,3.52,0.478,31.7935,40.7363,9.5078,4.1238,5.3252,2.5887,1.9266,1.2262,0.2332,11.8181,6.4237,0.7939,0.2009,1.2654,0.4425,1.4682,0.2262,97640,45.6255,29.1709,62.1778,59.5656,0.8255,84.2082
Neshanic,Laci,2019,2,2,7,2,2,4,3,0,2.75,22,0,0,1,0,0,0,0,0,0.125,1,100.14,9927.44,2004,108.47,845.187681,52.8,16.26,69.06,42.64,3.52,0.478,31.7935,40.7363,9.5078,4.1238,5.3252,2.5887,1.9266,1.2262,0.2332,11.8181,6.4237,0.7939,0.2009,1.2654,0.4425,1.4682,0.2262,97640,45.6255,29.1709,62.1778,59.5656,0.8255,84.2082
Neshanic,Lano,2019,8,0,9,7,9,4,1,0,4.75,38,0,0,0,0,0,0,0,0,0,0,100.14,9927.44,2004,108.47,845.187681,52.8,16.26,69.06,42.64,3.52,0.478,31.7935,40.7363,9.5078,4.1238,5.3252,2.5887,1.9266,1.2262,0.2332,11.8181,6.4237,0.7939,0.2009,1.2654,0.4425,1.4682,0.2262,97640,45.6255,29.1709,62.1778,59.5656,0.8255,84.2082
Neshanic,LoF,2019,1,0,49,9,2,1,24,24,13.75,110,0,0,0,0,0,0,1,0,0.125,1,100.14,9927.44,2004,108.47,845.187681,52.8,16.26,69.06,42.64,3.52,0.478,31.7935,40.7363,9.5078,4.1238,5.3252,2.5887,1.9266,1.2262,0.2332,11.8181,6.4237,0.7939,0.2009,1.2654,0.4425,1.4682,0.2262,97640,45.6255,29.1709,62.1778,59.5656,0.8255,84.2082
Neshanic,Luso,2019,0,0,0,0,0,0,0,0,0,0,0,0,0,0,0,0,0,0,0,0,100.14,9927.44,2004,108.47,845.187681,52.8,16.26,69.06,42.64,3.52,0.478,31.7935,40.7363,9.5078,4.1238,5.3252,2.5887,1.9266,1.2262,0.2332,11.8181,6.4237,0.7939,0.2009,1.2654,0.4425,1.4682,0.2262,97640,45.6255,29.1709,62.1778,59.5656,0.8255,84.2082
Neshanic,Myle,2019,0,0,0,0,0,0,0,0,0,0,0,0,0,0,0,0,0,0,0,0,100.14,9927.44,2004,108.47,845.187681,52.8,16.26,69.06,42.64,3.52,0.478,31.7935,40.7363,9.5078,4.1238,5.3252,2.5887,1.9266,1.2262,0.2332,11.8181,6.4237,0.7939,0.2009,1.2654,0.4425,1.4682,0.2262,97640,45.6255,29.1709,62.1778,59.5656,0.8255,84.2082
Neshanic,Myse,2019,0,0,0,0,0,0,0,0,0,0,0,0,0,0,0,0,0,0,0,0,100.14,9927.44,2004,108.47,845.187681,52.8,16.26,69.06,42.64,3.52,0.478,31.7935,40.7363,9.5078,4.1238,5.3252,2.5887,1.9266,1.2262,0.2332,11.8181,6.4237,0.7939,0.2009,1.2654,0.4425,1.4682,0.2262,97640,45.6255,29.1709,62.1778,59.5656,0.8255,84.2082
Neshanic,Nyhu,2019,0,0,0,0,0,0,0,0,0,0,0,0,0,0,0,0,0,0,0,0,100.14,9927.44,2004,108.47,845.187681,52.8,16.26,69.06,42.64,3.52,0.478,31.7935,40.7363,9.5078,4.1238,5.3252,2.5887,1.9266,1.2262,0.2332,11.8181,6.4237,0.7939,0.2009,1.2654,0.4425,1.4682,0.2262,97640,45.6255,29.1709,62.1778,59.5656,0.8255,84.2082
Neshanic,Pesu,2019,0,0,0,0,0,0,0,0,0,0,0,0,0,0,0,0,0,0,0,0,100.14,9927.44,2004,108.47,845.187681,52.8,16.26,69.06,42.64,3.52,0.478,31.7935,40.7363,9.5078,4.1238,5.3252,2.5887,1.9266,1.2262,0.2332,11.8181,6.4237,0.7939,0.2009,1.2654,0.4425,1.4682,0.2262,97640,45.6255,29.1709,62.1778,59.5656,0.8255,84.2082
Overpeck,Epfu,2019,3,3,23,4,36,96,193,136,61.75,494,0,0,2,0,3,12,12,10,4.875,39,43.87,7672.95,1968,9.35,7020.987063,196.645,81.369,278.014,20.95,28.3823,0.4582,48.3566,0.5102,7.8467,8.8757,0.971,3.5778,1.0215,24.1679,0.1622,14.4334,0.4471,1.168,0.3678,1.9738,0.1076,1.748,0.2607,56390,28.4879,20.5475,68.0142,65.5945,0.8673,70.0813
Overpeck,HiF,2019,0,1,2,2,3,12,3,4,3.375,27,0,0,0,0,0,0,0,0,0,0,43.87,7672.95,1968,9.35,7020.987063,196.645,81.369,278.014,20.95,28.3823,0.4582,48.3566,0.5102,7.8467,8.8757,0.971,3.5778,1.0215,24.1679,0.1622,14.4334,0.4471,1.168,0.3678,1.9738,0.1076,1.748,0.2607,56390,28.4879,20.5475,68.0142,65.5945,0.8673,70.0813
Overpeck,Labo,2019,0,3,2,5,1,5,9,29,6.75,54,0,0,0,0,0,3,1,2,0.75,6,43.87,7672.95,1968,9.35,7020.987063,196.645,81.369,278.014,20.95,28.3823,0.4582,48.3566,0.5102,7.8467,8.8757,0.971,3.5778,1.0215,24.1679,0.1622,14.4334,0.4471,1.168,0.3678,1.9738,0.1076,1.748,0.2607,56390,28.4879,20.5475,68.0142,65.5945,0.8673,70.0813
Overpeck,Laci,2019,4,4,1,3,246,186,2,0,55.75,446,0,1,0,0,23,16,0,0,5,40,43.87,7672.95,1968,9.35,7020.987063,196.645,81.369,278.014,20.95,28.3823,0.4582,48.3566,0.5102,7.8467,8.8757,0.971,3.5778,1.0215,24.1679,0.1622,14.4334,0.4471,1.168,0.3678,1.9738,0.1076,1.748,0.2607,56390,28.4879,20.5475,68.0142,65.5945,0.8673,70.0813
Overpeck,Lano,2019,0,0,1,1,1,1,18,14,4.5,36,0,0,0,0,0,0,1,2,0.375,3,43.87,7672.95,1968,9.35,7020.987063,196.645,81.369,278.014,20.95,28.3823,0.4582,48.3566,0.5102,7.8467,8.8757,0.971,3.5778,1.0215,24.1679,0.1622,14.4334,0.4471,1.168,0.3678,1.9738,0.1076,1.748,0.2607,56390,28.4879,20.5475,68.0142,65.5945,0.8673,70.0813
Overpeck,LoF,2019,0,0,3,3,5,3,22,29,8.125,65,0,0,0,0,0,0,1,0,0.125,1,43.87,7672.95,1968,9.35,7020.987063,196.645,81.369,278.014,20.95,28.3823,0.4582,48.3566,0.5102,7.8467,8.8757,0.971,3.5778,1.0215,24.1679,0.1622,14.4334,0.4471,1.168,0.3678,1.9738,0.1076,1.748,0.2607,56390,28.4879,20.5475,68.0142,65.5945,0.8673,70.0813
Overpeck,Luso,2019,0,0,0,0,0,0,0,0,0,0,0,0,0,0,0,0,0,0,0,0,43.87,7672.95,1968,9.35,7020.987063,196.645,81.369,278.014,20.95,28.3823,0.4582,48.3566,0.5102,7.8467,8.8757,0.971,3.5778,1.0215,24.1679,0.1622,14.4334,0.4471,1.168,0.3678,1.9738,0.1076,1.748,0.2607,56390,28.4879,20.5475,68.0142,65.5945,0.8673,70.0813
Overpeck,Myle,2019,0,0,0,0,0,0,0,0,0,0,0,0,0,0,0,0,0,0,0,0,43.87,7672.95,1968,9.35,7020.987063,196.645,81.369,278.014,20.95,28.3823,0.4582,48.3566,0.5102,7.8467,8.8757,0.971,3.5778,1.0215,24.1679,0.1622,14.4334,0.4471,1.168,0.3678,1.9738,0.1076,1.748,0.2607,56390,28.4879,20.5475,68.0142,65.5945,0.8673,70.0813
Overpeck,Myse,2019,0,0,0,0,0,0,0,0,0,0,0,0,0,0,0,0,0,0,0,0,43.87,7672.95,1968,9.35,7020.987063,196.645,81.369,278.014,20.95,28.3823,0.4582,48.3566,0.5102,7.8467,8.8757,0.971,3.5778,1.0215,24.1679,0.1622,14.4334,0.4471,1.168,0.3678,1.9738,0.1076,1.748,0.2607,56390,28.4879,20.5475,68.0142,65.5945,0.8673,70.0813
Overpeck,Nyhu,2019,0,0,0,0,0,0,0,0,0,0,0,0,0,0,0,0,0,0,0,0,43.87,7672.95,1968,9.35,7020.987063,196.645,81.369,278.014,20.95,28.3823,0.4582,48.3566,0.5102,7.8467,8.8757,0.971,3.5778,1.0215,24.1679,0.1622,14.4334,0.4471,1.168,0.3678,1.9738,0.1076,1.748,0.2607,56390,28.4879,20.5475,68.0142,65.5945,0.8673,70.0813
Overpeck,Pesu,2019,4,3,19,21,0,0,0,0,5.875,47,0,1,3,6,0,0,0,0,1.25,10,43.87,7672.95,1968,9.35,7020.987063,196.645,81.369,278.014,20.95,28.3823,0.4582,48.3566,0.5102,7.8467,8.8757,0.971,3.5778,1.0215,24.1679,0.1622,14.4334,0.4471,1.168,0.3678,1.9738,0.1076,1.748,0.2607,56390,28.4879,20.5475,68.0142,65.5945,0.8673,70.0813
Rutgers,Epfu,2019,6,2,NA,NA,1,0,379,505,148.8333333,893,0,0,NA,NA,0,0,24,35,9.833333333,59,43.36,5155.44,1963,73.55,2389.049153,138.234,37.036,175.27,42.14,26.0171,0.6738,33.3384,0.1037,16.2201,13.4756,4.2191,4.4356,1.5165,15.695,0.2064,9.5487,0.055,3.196,0.8818,2.7942,0.8548,2.8847,0.3636,119780,63.4005,47.5633,72.8788,72.1226,0.8696,82.526
Rutgers,HiF,2019,3,1,NA,NA,0,0,0,4,1.333333333,8,1,0,NA,NA,0,0,0,0,0.166666667,1,43.36,5155.44,1963,73.55,2389.049153,138.234,37.036,175.27,42.14,26.0171,0.6738,33.3384,0.1037,16.2201,13.4756,4.2191,4.4356,1.5165,15.695,0.2064,9.5487,0.055,3.196,0.8818,2.7942,0.8548,2.8847,0.3636,119780,63.4005,47.5633,72.8788,72.1226,0.8696,82.526
Rutgers,Labo,2019,0,1,NA,NA,0,0,7,6,2.333333333,14,0,0,NA,NA,0,0,2,2,0.666666667,4,43.36,5155.44,1963,73.55,2389.049153,138.234,37.036,175.27,42.14,26.0171,0.6738,33.3384,0.1037,16.2201,13.4756,4.2191,4.4356,1.5165,15.695,0.2064,9.5487,0.055,3.196,0.8818,2.7942,0.8548,2.8847,0.3636,119780,63.4005,47.5633,72.8788,72.1226,0.8696,82.526
Rutgers,Laci,2019,0,0,NA,NA,0,0,0,1,0.166666667,1,0,0,NA,NA,0,0,0,0,0,0,43.36,5155.44,1963,73.55,2389.049153,138.234,37.036,175.27,42.14,26.0171,0.6738,33.3384,0.1037,16.2201,13.4756,4.2191,4.4356,1.5165,15.695,0.2064,9.5487,0.055,3.196,0.8818,2.7942,0.8548,2.8847,0.3636,119780,63.4005,47.5633,72.8788,72.1226,0.8696,82.526
Rutgers,Lano,2019,1,2,NA,NA,0,2,37,23,10.83333333,65,0,0,NA,NA,0,0,0,1,0.166666667,1,43.36,5155.44,1963,73.55,2389.049153,138.234,37.036,175.27,42.14,26.0171,0.6738,33.3384,0.1037,16.2201,13.4756,4.2191,4.4356,1.5165,15.695,0.2064,9.5487,0.055,3.196,0.8818,2.7942,0.8548,2.8847,0.3636,119780,63.4005,47.5633,72.8788,72.1226,0.8696,82.526
Rutgers,LoF,2019,0,1,NA,NA,0,4,110,163,46.33333333,278,0,0,NA,NA,0,0,1,2,0.5,3,43.36,5155.44,1963,73.55,2389.049153,138.234,37.036,175.27,42.14,26.0171,0.6738,33.3384,0.1037,16.2201,13.4756,4.2191,4.4356,1.5165,15.695,0.2064,9.5487,0.055,3.196,0.8818,2.7942,0.8548,2.8847,0.3636,119780,63.4005,47.5633,72.8788,72.1226,0.8696,82.526
Rutgers,Luso,2019,0,0,NA,NA,0,0,0,0,0,0,0,0,NA,NA,0,0,0,0,0,0,43.36,5155.44,1963,73.55,2389.049153,138.234,37.036,175.27,42.14,26.0171,0.6738,33.3384,0.1037,16.2201,13.4756,4.2191,4.4356,1.5165,15.695,0.2064,9.5487,0.055,3.196,0.8818,2.7942,0.8548,2.8847,0.3636,119780,63.4005,47.5633,72.8788,72.1226,0.8696,82.526
Rutgers,Myle,2019,0,0,NA,NA,0,0,0,0,0,0,0,0,NA,NA,0,0,0,0,0,0,43.36,5155.44,1963,73.55,2389.049153,138.234,37.036,175.27,42.14,26.0171,0.6738,33.3384,0.1037,16.2201,13.4756,4.2191,4.4356,1.5165,15.695,0.2064,9.5487,0.055,3.196,0.8818,2.7942,0.8548,2.8847,0.3636,119780,63.4005,47.5633,72.8788,72.1226,0.8696,82.526
Rutgers,Myse,2019,0,0,NA,NA,0,0,0,0,0,0,0,0,NA,NA,0,0,0,0,0,0,43.36,5155.44,1963,73.55,2389.049153,138.234,37.036,175.27,42.14,26.0171,0.6738,33.3384,0.1037,16.2201,13.4756,4.2191,4.4356,1.5165,15.695,0.2064,9.5487,0.055,3.196,0.8818,2.7942,0.8548,2.8847,0.3636,119780,63.4005,47.5633,72.8788,72.1226,0.8696,82.526
Rutgers,Nyhu,2019,0,0,NA,NA,0,0,0,0,0,0,0,0,NA,NA,0,0,0,0,0,0,43.36,5155.44,1963,73.55,2389.049153,138.234,37.036,175.27,42.14,26.0171,0.6738,33.3384,0.1037,16.2201,13.4756,4.2191,4.4356,1.5165,15.695,0.2064,9.5487,0.055,3.196,0.8818,2.7942,0.8548,2.8847,0.3636,119780,63.4005,47.5633,72.8788,72.1226,0.8696,82.526
Rutgers,Pesu,2019,0,0,NA,NA,0,0,0,0,0,0,0,0,NA,NA,0,0,0,0,0,0,43.36,5155.44,1963,73.55,2389.049153,138.234,37.036,175.27,42.14,26.0171,0.6738,33.3384,0.1037,16.2201,13.4756,4.2191,4.4356,1.5165,15.695,0.2064,9.5487,0.055,3.196,0.8818,2.7942,0.8548,2.8847,0.3636,119780,63.4005,47.5633,72.8788,72.1226,0.8696,82.526
SeaOaks,Epfu,2019,22,12,72,79,11,4,101,32,41.625,333,1,0,5,3,0,0,5,4,2.25,18,39.57,14909.91,2000,48.62,985.458682,50.403,30.432,80.835,34.81,6.3206,1.4046,19.1619,0.2297,44.5467,5.8487,2.2364,2.8018,17.4494,0.8727,0.4361,3.2803,0.213,23.4995,0.7356,0.7732,0.2432,0.5742,8.446,186310,86.6264,55.7806,60.1288,61.2135,0.9093,82.2973
SeaOaks,HiF,2019,28,8,5,6,3,2,7,11,8.75,70,0,0,0,0,0,0,1,0,0.125,1,39.57,14909.91,2000,48.62,985.458682,50.403,30.432,80.835,34.81,6.3206,1.4046,19.1619,0.2297,44.5467,5.8487,2.2364,2.8018,17.4494,0.8727,0.4361,3.2803,0.213,23.4995,0.7356,0.7732,0.2432,0.5742,8.446,186310,86.6264,55.7806,60.1288,61.2135,0.9093,82.2973
SeaOaks,Labo,2019,36,8,14,12,0,0,17,9,12,96,8,1,1,1,0,0,2,0,1.625,13,39.57,14909.91,2000,48.62,985.458682,50.403,30.432,80.835,34.81,6.3206,1.4046,19.1619,0.2297,44.5467,5.8487,2.2364,2.8018,17.4494,0.8727,0.4361,3.2803,0.213,23.4995,0.7356,0.7732,0.2432,0.5742,8.446,186310,86.6264,55.7806,60.1288,61.2135,0.9093,82.2973
SeaOaks,Laci,2019,12,11,17,5,5,1,14,8,9.125,73,1,0,3,0,0,0,1,0,0.625,5,39.57,14909.91,2000,48.62,985.458682,50.403,30.432,80.835,34.81,6.3206,1.4046,19.1619,0.2297,44.5467,5.8487,2.2364,2.8018,17.4494,0.8727,0.4361,3.2803,0.213,23.4995,0.7356,0.7732,0.2432,0.5742,8.446,186310,86.6264,55.7806,60.1288,61.2135,0.9093,82.2973
SeaOaks,Lano,2019,26,33,21,17,16,5,10,6,16.75,134,1,8,0,0,2,0,0,0,1.375,11,39.57,14909.91,2000,48.62,985.458682,50.403,30.432,80.835,34.81,6.3206,1.4046,19.1619,0.2297,44.5467,5.8487,2.2364,2.8018,17.4494,0.8727,0.4361,3.2803,0.213,23.4995,0.7356,0.7732,0.2432,0.5742,8.446,186310,86.6264,55.7806,60.1288,61.2135,0.9093,82.2973
SeaOaks,LoF,2019,9,8,12,18,14,3,32,104,25,200,0,0,0,0,0,0,0,1,0.125,1,39.57,14909.91,2000,48.62,985.458682,50.403,30.432,80.835,34.81,6.3206,1.4046,19.1619,0.2297,44.5467,5.8487,2.2364,2.8018,17.4494,0.8727,0.4361,3.2803,0.213,23.4995,0.7356,0.7732,0.2432,0.5742,8.446,186310,86.6264,55.7806,60.1288,61.2135,0.9093,82.2973
SeaOaks,Luso,2019,3,1,1,1,0,0,0,0,0.75,6,0,0,0,0,0,0,0,0,0,0,39.57,14909.91,2000,48.62,985.458682,50.403,30.432,80.835,34.81,6.3206,1.4046,19.1619,0.2297,44.5467,5.8487,2.2364,2.8018,17.4494,0.8727,0.4361,3.2803,0.213,23.4995,0.7356,0.7732,0.2432,0.5742,8.446,186310,86.6264,55.7806,60.1288,61.2135,0.9093,82.2973
SeaOaks,Myle,2019,0,0,0,0,0,0,0,0,0,0,0,0,0,0,0,0,0,0,0,0,39.57,14909.91,2000,48.62,985.458682,50.403,30.432,80.835,34.81,6.3206,1.4046,19.1619,0.2297,44.5467,5.8487,2.2364,2.8018,17.4494,0.8727,0.4361,3.2803,0.213,23.4995,0.7356,0.7732,0.2432,0.5742,8.446,186310,86.6264,55.7806,60.1288,61.2135,0.9093,82.2973
SeaOaks,Myse,2019,0,0,0,0,0,0,0,0,0,0,0,0,0,0,0,0,0,0,0,0,39.57,14909.91,2000,48.62,985.458682,50.403,30.432,80.835,34.81,6.3206,1.4046,19.1619,0.2297,44.5467,5.8487,2.2364,2.8018,17.4494,0.8727,0.4361,3.2803,0.213,23.4995,0.7356,0.7732,0.2432,0.5742,8.446,186310,86.6264,55.7806,60.1288,61.2135,0.9093,82.2973
SeaOaks,Nyhu,2019,2,0,0,1,0,0,0,0,0.375,3,0,0,0,0,0,0,0,0,0,0,39.57,14909.91,2000,48.62,985.458682,50.403,30.432,80.835,34.81,6.3206,1.4046,19.1619,0.2297,44.5467,5.8487,2.2364,2.8018,17.4494,0.8727,0.4361,3.2803,0.213,23.4995,0.7356,0.7732,0.2432,0.5742,8.446,186310,86.6264,55.7806,60.1288,61.2135,0.9093,82.2973
SeaOaks,Pesu,2019,0,0,0,0,0,0,0,0,0,0,0,0,0,0,0,0,0,0,0,0,39.57,14909.91,2000,48.62,985.458682,50.403,30.432,80.835,34.81,6.3206,1.4046,19.1619,0.2297,44.5467,5.8487,2.2364,2.8018,17.4494,0.8727,0.4361,3.2803,0.213,23.4995,0.7356,0.7732,0.2432,0.5742,8.446,186310,86.6264,55.7806,60.1288,61.2135,0.9093,82.2973
StantonRidge,Epfu,2019,39,64,61,43,0,1,2,4,26.75,214,1,10,5,4,0,0,0,0,2.5,20,47.83,13001.25,1994,253.68,531.927613,54.484,13.902,68.386,45.9,1.1422,0.0721,27.75,21.7422,34.6475,2.4111,4.0232,8.0449,0.1668,0.1098,0.0494,6.035,6.9262,15.4822,0.7251,0.4024,0.4058,7.5761,0.0298,204820,77.3089,41.5554,51.4465,53.4588,0.9036,71.9127
StantonRidge,HiF,2019,0,3,14,4,0,0,5,2,3.5,28,0,0,0,0,0,0,0,0,0,0,47.83,13001.25,1994,253.68,531.927613,54.484,13.902,68.386,45.9,1.1422,0.0721,27.75,21.7422,34.6475,2.4111,4.0232,8.0449,0.1668,0.1098,0.0494,6.035,6.9262,15.4822,0.7251,0.4024,0.4058,7.5761,0.0298,204820,77.3089,41.5554,51.4465,53.4588,0.9036,71.9127
StantonRidge,Labo,2019,2,0,15,1,0,0,7,5,3.75,30,1,0,1,1,0,0,0,2,0.625,5,47.83,13001.25,1994,253.68,531.927613,54.484,13.902,68.386,45.9,1.1422,0.0721,27.75,21.7422,34.6475,2.4111,4.0232,8.0449,0.1668,0.1098,0.0494,6.035,6.9262,15.4822,0.7251,0.4024,0.4058,7.5761,0.0298,204820,77.3089,41.5554,51.4465,53.4588,0.9036,71.9127
StantonRidge,Laci,2019,0,1,1,4,0,0,2,0,1,8,0,0,0,0,0,0,0,0,0,0,47.83,13001.25,1994,253.68,531.927613,54.484,13.902,68.386,45.9,1.1422,0.0721,27.75,21.7422,34.6475,2.4111,4.0232,8.0449,0.1668,0.1098,0.0494,6.035,6.9262,15.4822,0.7251,0.4024,0.4058,7.5761,0.0298,204820,77.3089,41.5554,51.4465,53.4588,0.9036,71.9127
StantonRidge,Lano,2019,1,8,1,3,0,0,1,0,1.75,14,0,2,0,0,0,0,0,0,0.25,2,47.83,13001.25,1994,253.68,531.927613,54.484,13.902,68.386,45.9,1.1422,0.0721,27.75,21.7422,34.6475,2.4111,4.0232,8.0449,0.1668,0.1098,0.0494,6.035,6.9262,15.4822,0.7251,0.4024,0.4058,7.5761,0.0298,204820,77.3089,41.5554,51.4465,53.4588,0.9036,71.9127
StantonRidge,LoF,2019,7,13,23,29,1,0,0,2,9.375,75,0,0,0,0,0,0,0,0,0,0,47.83,13001.25,1994,253.68,531.927613,54.484,13.902,68.386,45.9,1.1422,0.0721,27.75,21.7422,34.6475,2.4111,4.0232,8.0449,0.1668,0.1098,0.0494,6.035,6.9262,15.4822,0.7251,0.4024,0.4058,7.5761,0.0298,204820,77.3089,41.5554,51.4465,53.4588,0.9036,71.9127
StantonRidge,Luso,2019,0,0,0,0,0,0,0,0,0,0,0,0,0,0,0,0,0,0,0,0,47.83,13001.25,1994,253.68,531.927613,54.484,13.902,68.386,45.9,1.1422,0.0721,27.75,21.7422,34.6475,2.4111,4.0232,8.0449,0.1668,0.1098,0.0494,6.035,6.9262,15.4822,0.7251,0.4024,0.4058,7.5761,0.0298,204820,77.3089,41.5554,51.4465,53.4588,0.9036,71.9127
StantonRidge,Myle,2019,0,0,0,0,0,0,0,0,0,0,0,0,0,0,0,0,0,0,0,0,47.83,13001.25,1994,253.68,531.927613,54.484,13.902,68.386,45.9,1.1422,0.0721,27.75,21.7422,34.6475,2.4111,4.0232,8.0449,0.1668,0.1098,0.0494,6.035,6.9262,15.4822,0.7251,0.4024,0.4058,7.5761,0.0298,204820,77.3089,41.5554,51.4465,53.4588,0.9036,71.9127
StantonRidge,Myse,2019,0,0,0,0,0,0,0,0,0,0,0,0,0,0,0,0,0,0,0,0,47.83,13001.25,1994,253.68,531.927613,54.484,13.902,68.386,45.9,1.1422,0.0721,27.75,21.7422,34.6475,2.4111,4.0232,8.0449,0.1668,0.1098,0.0494,6.035,6.9262,15.4822,0.7251,0.4024,0.4058,7.5761,0.0298,204820,77.3089,41.5554,51.4465,53.4588,0.9036,71.9127
StantonRidge,Nyhu,2019,0,0,0,0,0,0,0,0,0,0,0,0,0,0,0,0,0,0,0,0,47.83,13001.25,1994,253.68,531.927613,54.484,13.902,68.386,45.9,1.1422,0.0721,27.75,21.7422,34.6475,2.4111,4.0232,8.0449,0.1668,0.1098,0.0494,6.035,6.9262,15.4822,0.7251,0.4024,0.4058,7.5761,0.0298,204820,77.3089,41.5554,51.4465,53.4588,0.9036,71.9127
StantonRidge,Pesu,2019,0,0,0,0,0,0,0,0,0,0,0,0,0,0,0,0,0,0,0,0,47.83,13001.25,1994,253.68,531.927613,54.484,13.902,68.386,45.9,1.1422,0.0721,27.75,21.7422,34.6475,2.4111,4.0232,8.0449,0.1668,0.1098,0.0494,6.035,6.9262,15.4822,0.7251,0.4024,0.4058,7.5761,0.0298,204820,77.3089,41.5554,51.4465,53.4588,0.9036,71.9127
Atlantis,Epfu,2020,273,167,215,318,583,458,NA,743,393.8571429,2757,14,7,18,2,17,5,NA,18,11.57142857,81,37.37,15532.31,1961,26.41,1665.052432,104.925,21.429,126.354,21.09,13.0815,0.6871,23.0219,0.018,19.13,2.241,2.409,14.4538,24.9578,5.2836,0.386,5.7119,0.018,4.3934,2.148,0.2543,0.5181,10.6028,6.6317,99460,44.6939,31.1073,62.6924,66.5144,0.9075,79.7769
Atlantis,HiF,2020,174,154,59,157,40,28,NA,58,95.71428571,670,4,3,0,2,0,2,NA,3,2,14,37.37,15532.31,1961,26.41,1665.052432,104.925,21.429,126.354,21.09,13.0815,0.6871,23.0219,0.018,19.13,2.241,2.409,14.4538,24.9578,5.2836,0.386,5.7119,0.018,4.3934,2.148,0.2543,0.5181,10.6028,6.6317,99460,44.6939,31.1073,62.6924,66.5144,0.9075,79.7769
Atlantis,Labo,2020,82,81,25,106,39,21,NA,26,54.28571429,380,8,5,1,6,1,1,NA,0,3.142857143,22,37.37,15532.31,1961,26.41,1665.052432,104.925,21.429,126.354,21.09,13.0815,0.6871,23.0219,0.018,19.13,2.241,2.409,14.4538,24.9578,5.2836,0.386,5.7119,0.018,4.3934,2.148,0.2543,0.5181,10.6028,6.6317,99460,44.6939,31.1073,62.6924,66.5144,0.9075,79.7769
Atlantis,Laci,2020,4,4,1,2,21,37,NA,34,14.71428571,103,0,0,0,0,0,1,NA,0,0.142857143,1,37.37,15532.31,1961,26.41,1665.052432,104.925,21.429,126.354,21.09,13.0815,0.6871,23.0219,0.018,19.13,2.241,2.409,14.4538,24.9578,5.2836,0.386,5.7119,0.018,4.3934,2.148,0.2543,0.5181,10.6028,6.6317,99460,44.6939,31.1073,62.6924,66.5144,0.9075,79.7769
Atlantis,Lano,2020,50,24,31,79,102,63,NA,134,69,483,0,0,0,0,4,0,NA,1,0.714285714,5,37.37,15532.31,1961,26.41,1665.052432,104.925,21.429,126.354,21.09,13.0815,0.6871,23.0219,0.018,19.13,2.241,2.409,14.4538,24.9578,5.2836,0.386,5.7119,0.018,4.3934,2.148,0.2543,0.5181,10.6028,6.6317,99460,44.6939,31.1073,62.6924,66.5144,0.9075,79.7769
Atlantis,LoF,2020,163,64,86,155,96,85,NA,340,141.2857143,989,1,1,0,0,1,0,NA,1,0.571428571,4,37.37,15532.31,1961,26.41,1665.052432,104.925,21.429,126.354,21.09,13.0815,0.6871,23.0219,0.018,19.13,2.241,2.409,14.4538,24.9578,5.2836,0.386,5.7119,0.018,4.3934,2.148,0.2543,0.5181,10.6028,6.6317,99460,44.6939,31.1073,62.6924,66.5144,0.9075,79.7769
Atlantis,Luso,2020,0,2,0,0,0,2,NA,2,0.857142857,6,0,0,0,0,0,0,NA,0,0,0,37.37,15532.31,1961,26.41,1665.052432,104.925,21.429,126.354,21.09,13.0815,0.6871,23.0219,0.018,19.13,2.241,2.409,14.4538,24.9578,5.2836,0.386,5.7119,0.018,4.3934,2.148,0.2543,0.5181,10.6028,6.6317,99460,44.6939,31.1073,62.6924,66.5144,0.9075,79.7769
Atlantis,Myle,2020,0,0,1,0,0,0,NA,0,0.142857143,1,0,0,0,0,0,0,NA,0,0,0,37.37,15532.31,1961,26.41,1665.052432,104.925,21.429,126.354,21.09,13.0815,0.6871,23.0219,0.018,19.13,2.241,2.409,14.4538,24.9578,5.2836,0.386,5.7119,0.018,4.3934,2.148,0.2543,0.5181,10.6028,6.6317,99460,44.6939,31.1073,62.6924,66.5144,0.9075,79.7769
Atlantis,Myse,2020,0,0,0,0,0,0,NA,0,0,0,0,0,0,0,0,0,NA,0,0,0,37.37,15532.31,1961,26.41,1665.052432,104.925,21.429,126.354,21.09,13.0815,0.6871,23.0219,0.018,19.13,2.241,2.409,14.4538,24.9578,5.2836,0.386,5.7119,0.018,4.3934,2.148,0.2543,0.5181,10.6028,6.6317,99460,44.6939,31.1073,62.6924,66.5144,0.9075,79.7769
Atlantis,Nyhu,2020,18,32,26,47,13,4,NA,18,22.57142857,158,1,1,1,3,1,0,NA,2,1.285714286,9,37.37,15532.31,1961,26.41,1665.052432,104.925,21.429,126.354,21.09,13.0815,0.6871,23.0219,0.018,19.13,2.241,2.409,14.4538,24.9578,5.2836,0.386,5.7119,0.018,4.3934,2.148,0.2543,0.5181,10.6028,6.6317,99460,44.6939,31.1073,62.6924,66.5144,0.9075,79.7769
Atlantis,Pesu,2020,0,0,0,0,1,0,NA,0,0.142857143,1,0,0,0,0,0,0,NA,0,0,0,37.37,15532.31,1961,26.41,1665.052432,104.925,21.429,126.354,21.09,13.0815,0.6871,23.0219,0.018,19.13,2.241,2.409,14.4538,24.9578,5.2836,0.386,5.7119,0.018,4.3934,2.148,0.2543,0.5181,10.6028,6.6317,99460,44.6939,31.1073,62.6924,66.5144,0.9075,79.7769
Avalon,Epfu,2020,0,42,40,NA,40,31,23,32,29.71428571,208,0,0,1,NA,1,1,0,2,0.714285714,5,42.09,8197.81,1971,11.02,665.642983,27.397,33.778,61.175,14.45,8.1434,1.7355,9.2804,1.9023,29.9722,11.4951,1.5488,14.3195,21.6027,5.284,0.6035,2.2436,1.6198,6.5925,0.5427,7.2503,0.2272,11.6184,13.0551,158520,80.394,52.6075,61.9216,62.4852,0.8963,82.2965
Avalon,HiF,2020,0,2,2,NA,48,20,11,46,18.42857143,129,0,0,0,NA,0,0,0,0,0,0,42.09,8197.81,1971,11.02,665.642983,27.397,33.778,61.175,14.45,8.1434,1.7355,9.2804,1.9023,29.9722,11.4951,1.5488,14.3195,21.6027,5.284,0.6035,2.2436,1.6198,6.5925,0.5427,7.2503,0.2272,11.6184,13.0551,158520,80.394,52.6075,61.9216,62.4852,0.8963,82.2965
Avalon,Labo,2020,0,0,1,NA,28,5,3,17,7.714285714,54,0,0,0,NA,10,2,2,5,2.714285714,19,42.09,8197.81,1971,11.02,665.642983,27.397,33.778,61.175,14.45,8.1434,1.7355,9.2804,1.9023,29.9722,11.4951,1.5488,14.3195,21.6027,5.284,0.6035,2.2436,1.6198,6.5925,0.5427,7.2503,0.2272,11.6184,13.0551,158520,80.394,52.6075,61.9216,62.4852,0.8963,82.2965
Avalon,Laci,2020,0,9,9,NA,14,9,10,12,9,63,0,0,0,NA,2,0,0,0,0.285714286,2,42.09,8197.81,1971,11.02,665.642983,27.397,33.778,61.175,14.45,8.1434,1.7355,9.2804,1.9023,29.9722,11.4951,1.5488,14.3195,21.6027,5.284,0.6035,2.2436,1.6198,6.5925,0.5427,7.2503,0.2272,11.6184,13.0551,158520,80.394,52.6075,61.9216,62.4852,0.8963,82.2965
Avalon,Lano,2020,0,4,22,NA,17,8,8,10,9.857142857,69,0,0,0,NA,0,0,0,0,0,0,42.09,8197.81,1971,11.02,665.642983,27.397,33.778,61.175,14.45,8.1434,1.7355,9.2804,1.9023,29.9722,11.4951,1.5488,14.3195,21.6027,5.284,0.6035,2.2436,1.6198,6.5925,0.5427,7.2503,0.2272,11.6184,13.0551,158520,80.394,52.6075,61.9216,62.4852,0.8963,82.2965
Avalon,LoF,2020,0,6,7,NA,15,7,11,28,10.57142857,74,0,0,0,NA,0,0,0,0,0,0,42.09,8197.81,1971,11.02,665.642983,27.397,33.778,61.175,14.45,8.1434,1.7355,9.2804,1.9023,29.9722,11.4951,1.5488,14.3195,21.6027,5.284,0.6035,2.2436,1.6198,6.5925,0.5427,7.2503,0.2272,11.6184,13.0551,158520,80.394,52.6075,61.9216,62.4852,0.8963,82.2965
Avalon,Luso,2020,0,0,0,NA,0,0,0,0,0,0,0,0,0,NA,0,0,0,0,0,0,42.09,8197.81,1971,11.02,665.642983,27.397,33.778,61.175,14.45,8.1434,1.7355,9.2804,1.9023,29.9722,11.4951,1.5488,14.3195,21.6027,5.284,0.6035,2.2436,1.6198,6.5925,0.5427,7.2503,0.2272,11.6184,13.0551,158520,80.394,52.6075,61.9216,62.4852,0.8963,82.2965
Avalon,Myle,2020,0,0,0,NA,0,0,0,0,0,0,0,0,0,NA,0,0,0,0,0,0,42.09,8197.81,1971,11.02,665.642983,27.397,33.778,61.175,14.45,8.1434,1.7355,9.2804,1.9023,29.9722,11.4951,1.5488,14.3195,21.6027,5.284,0.6035,2.2436,1.6198,6.5925,0.5427,7.2503,0.2272,11.6184,13.0551,158520,80.394,52.6075,61.9216,62.4852,0.8963,82.2965
Avalon,Myse,2020,0,0,0,NA,0,0,0,0,0,0,0,0,0,NA,0,0,0,0,0,0,42.09,8197.81,1971,11.02,665.642983,27.397,33.778,61.175,14.45,8.1434,1.7355,9.2804,1.9023,29.9722,11.4951,1.5488,14.3195,21.6027,5.284,0.6035,2.2436,1.6198,6.5925,0.5427,7.2503,0.2272,11.6184,13.0551,158520,80.394,52.6075,61.9216,62.4852,0.8963,82.2965
Avalon,Nyhu,2020,0,1,1,NA,22,3,7,18,7.428571429,52,0,0,0,NA,3,0,0,1,0.571428571,4,42.09,8197.81,1971,11.02,665.642983,27.397,33.778,61.175,14.45,8.1434,1.7355,9.2804,1.9023,29.9722,11.4951,1.5488,14.3195,21.6027,5.284,0.6035,2.2436,1.6198,6.5925,0.5427,7.2503,0.2272,11.6184,13.0551,158520,80.394,52.6075,61.9216,62.4852,0.8963,82.2965
Avalon,Pesu,2020,0,0,0,NA,0,0,0,0,0,0,0,0,0,NA,0,0,0,0,0,0,42.09,8197.81,1971,11.02,665.642983,27.397,33.778,61.175,14.45,8.1434,1.7355,9.2804,1.9023,29.9722,11.4951,1.5488,14.3195,21.6027,5.284,0.6035,2.2436,1.6198,6.5925,0.5427,7.2503,0.2272,11.6184,13.0551,158520,80.394,52.6075,61.9216,62.4852,0.8963,82.2965
CreamRidge,Epfu,2020,1946,783,NA,NA,NA,NA,NA,NA,1364.5,2729,116,34,NA,NA,NA,NA,NA,NA,75,150,46.83,6646.31,1958,102.89,346.206336,38.477,9.523,48,61.22,1.3826,0.2602,12.594,59.2411,20.5727,0.905,0.8707,1.607,2.5666,0.5762,0.2544,2.7304,20.5974,4.8167,0.083,0.2431,0.2602,0.2576,0.5676,123530,66.1483,40.7286,59.814,51.9191,0.9001,68.1575
CreamRidge,HiF,2020,253,36,NA,NA,NA,NA,NA,NA,144.5,289,11,2,NA,NA,NA,NA,NA,NA,6.5,13,46.83,6646.31,1958,102.89,346.206336,38.477,9.523,48,61.22,1.3826,0.2602,12.594,59.2411,20.5727,0.905,0.8707,1.607,2.5666,0.5762,0.2544,2.7304,20.5974,4.8167,0.083,0.2431,0.2602,0.2576,0.5676,123530,66.1483,40.7286,59.814,51.9191,0.9001,68.1575
CreamRidge,Labo,2020,64,15,NA,NA,NA,NA,NA,NA,39.5,79,7,2,NA,NA,NA,NA,NA,NA,4.5,9,46.83,6646.31,1958,102.89,346.206336,38.477,9.523,48,61.22,1.3826,0.2602,12.594,59.2411,20.5727,0.905,0.8707,1.607,2.5666,0.5762,0.2544,2.7304,20.5974,4.8167,0.083,0.2431,0.2602,0.2576,0.5676,123530,66.1483,40.7286,59.814,51.9191,0.9001,68.1575
CreamRidge,Laci,2020,9,0,NA,NA,NA,NA,NA,NA,4.5,9,0,0,NA,NA,NA,NA,NA,NA,0,0,46.83,6646.31,1958,102.89,346.206336,38.477,9.523,48,61.22,1.3826,0.2602,12.594,59.2411,20.5727,0.905,0.8707,1.607,2.5666,0.5762,0.2544,2.7304,20.5974,4.8167,0.083,0.2431,0.2602,0.2576,0.5676,123530,66.1483,40.7286,59.814,51.9191,0.9001,68.1575
CreamRidge,Lano,2020,74,4,NA,NA,NA,NA,NA,NA,39,78,1,0,NA,NA,NA,NA,NA,NA,0.5,1,46.83,6646.31,1958,102.89,346.206336,38.477,9.523,48,61.22,1.3826,0.2602,12.594,59.2411,20.5727,0.905,0.8707,1.607,2.5666,0.5762,0.2544,2.7304,20.5974,4.8167,0.083,0.2431,0.2602,0.2576,0.5676,123530,66.1483,40.7286,59.814,51.9191,0.9001,68.1575
CreamRidge,LoF,2020,703,124,NA,NA,NA,NA,NA,NA,413.5,827,8,0,NA,NA,NA,NA,NA,NA,4,8,46.83,6646.31,1958,102.89,346.206336,38.477,9.523,48,61.22,1.3826,0.2602,12.594,59.2411,20.5727,0.905,0.8707,1.607,2.5666,0.5762,0.2544,2.7304,20.5974,4.8167,0.083,0.2431,0.2602,0.2576,0.5676,123530,66.1483,40.7286,59.814,51.9191,0.9001,68.1575
CreamRidge,Luso,2020,5,1,NA,NA,NA,NA,NA,NA,3,6,1,0,NA,NA,NA,NA,NA,NA,0.5,1,46.83,6646.31,1958,102.89,346.206336,38.477,9.523,48,61.22,1.3826,0.2602,12.594,59.2411,20.5727,0.905,0.8707,1.607,2.5666,0.5762,0.2544,2.7304,20.5974,4.8167,0.083,0.2431,0.2602,0.2576,0.5676,123530,66.1483,40.7286,59.814,51.9191,0.9001,68.1575
CreamRidge,Myle,2020,0,0,NA,NA,NA,NA,NA,NA,0,0,0,0,NA,NA,NA,NA,NA,NA,0,0,46.83,6646.31,1958,102.89,346.206336,38.477,9.523,48,61.22,1.3826,0.2602,12.594,59.2411,20.5727,0.905,0.8707,1.607,2.5666,0.5762,0.2544,2.7304,20.5974,4.8167,0.083,0.2431,0.2602,0.2576,0.5676,123530,66.1483,40.7286,59.814,51.9191,0.9001,68.1575
CreamRidge,Myse,2020,0,0,NA,NA,NA,NA,NA,NA,0,0,0,0,NA,NA,NA,NA,NA,NA,0,0,46.83,6646.31,1958,102.89,346.206336,38.477,9.523,48,61.22,1.3826,0.2602,12.594,59.2411,20.5727,0.905,0.8707,1.607,2.5666,0.5762,0.2544,2.7304,20.5974,4.8167,0.083,0.2431,0.2602,0.2576,0.5676,123530,66.1483,40.7286,59.814,51.9191,0.9001,68.1575
CreamRidge,Nyhu,2020,53,17,NA,NA,NA,NA,NA,NA,35,70,4,2,NA,NA,NA,NA,NA,NA,3,6,46.83,6646.31,1958,102.89,346.206336,38.477,9.523,48,61.22,1.3826,0.2602,12.594,59.2411,20.5727,0.905,0.8707,1.607,2.5666,0.5762,0.2544,2.7304,20.5974,4.8167,0.083,0.2431,0.2602,0.2576,0.5676,123530,66.1483,40.7286,59.814,51.9191,0.9001,68.1575
CreamRidge,Pesu,2020,2,0,NA,NA,NA,NA,NA,NA,1,2,1,0,NA,NA,NA,NA,NA,NA,0.5,1,46.83,6646.31,1958,102.89,346.206336,38.477,9.523,48,61.22,1.3826,0.2602,12.594,59.2411,20.5727,0.905,0.8707,1.607,2.5666,0.5762,0.2544,2.7304,20.5974,4.8167,0.083,0.2431,0.2602,0.2576,0.5676,123530,66.1483,40.7286,59.814,51.9191,0.9001,68.1575
Eastlyn,Epfu,2020,96,148,168,170,787,386,416,498,333.625,2669,4,13,16,8,47,24,16,16,18,144,10.19,1980.09,1964,70.25,492.165918,59.545,4.97,64.515,19.02,2.0233,0.0875,23.7773,41.9386,28.4746,1.4229,1.142,0.5764,0.5574,0.2562,0.0723,10.3349,25.7366,6.5025,0.0831,0.2701,0.2708,0.0748,0.3957,87360,55.3932,35.8642,60.6487,60.8053,0.933,74.1613
Eastlyn,HiF,2020,25,42,72,62,21,23,15,21,35.125,281,1,1,1,1,1,1,0,0,0.75,6,10.19,1980.09,1964,70.25,492.165918,59.545,4.97,64.515,19.02,2.0233,0.0875,23.7773,41.9386,28.4746,1.4229,1.142,0.5764,0.5574,0.2562,0.0723,10.3349,25.7366,6.5025,0.0831,0.2701,0.2708,0.0748,0.3957,87360,55.3932,35.8642,60.6487,60.8053,0.933,74.1613
Eastlyn,Labo,2020,18,21,14,12,18,10,8,2,12.875,103,1,1,4,0,0,3,0,2,1.375,11,10.19,1980.09,1964,70.25,492.165918,59.545,4.97,64.515,19.02,2.0233,0.0875,23.7773,41.9386,28.4746,1.4229,1.142,0.5764,0.5574,0.2562,0.0723,10.3349,25.7366,6.5025,0.0831,0.2701,0.2708,0.0748,0.3957,87360,55.3932,35.8642,60.6487,60.8053,0.933,74.1613
Eastlyn,Laci,2020,9,23,11,21,35,46,19,24,23.5,188,0,0,1,1,0,1,0,0,0.375,3,10.19,1980.09,1964,70.25,492.165918,59.545,4.97,64.515,19.02,2.0233,0.0875,23.7773,41.9386,28.4746,1.4229,1.142,0.5764,0.5574,0.2562,0.0723,10.3349,25.7366,6.5025,0.0831,0.2701,0.2708,0.0748,0.3957,87360,55.3932,35.8642,60.6487,60.8053,0.933,74.1613
Eastlyn,Lano,2020,7,10,10,12,65,20,11,9,18,144,0,0,0,0,0,0,0,0,0,0,10.19,1980.09,1964,70.25,492.165918,59.545,4.97,64.515,19.02,2.0233,0.0875,23.7773,41.9386,28.4746,1.4229,1.142,0.5764,0.5574,0.2562,0.0723,10.3349,25.7366,6.5025,0.0831,0.2701,0.2708,0.0748,0.3957,87360,55.3932,35.8642,60.6487,60.8053,0.933,74.1613
Eastlyn,LoF,2020,26,53,44,25,137,92,91,54,65.25,522,0,0,0,1,0,0,1,0,0.25,2,10.19,1980.09,1964,70.25,492.165918,59.545,4.97,64.515,19.02,2.0233,0.0875,23.7773,41.9386,28.4746,1.4229,1.142,0.5764,0.5574,0.2562,0.0723,10.3349,25.7366,6.5025,0.0831,0.2701,0.2708,0.0748,0.3957,87360,55.3932,35.8642,60.6487,60.8053,0.933,74.1613
Eastlyn,Luso,2020,1,1,1,0,0,0,1,0,0.5,4,0,0,0,0,0,0,0,0,0,0,10.19,1980.09,1964,70.25,492.165918,59.545,4.97,64.515,19.02,2.0233,0.0875,23.7773,41.9386,28.4746,1.4229,1.142,0.5764,0.5574,0.2562,0.0723,10.3349,25.7366,6.5025,0.0831,0.2701,0.2708,0.0748,0.3957,87360,55.3932,35.8642,60.6487,60.8053,0.933,74.1613
Eastlyn,Myle,2020,0,0,0,0,0,0,0,0,0,0,0,0,0,0,0,0,0,0,0,0,10.19,1980.09,1964,70.25,492.165918,59.545,4.97,64.515,19.02,2.0233,0.0875,23.7773,41.9386,28.4746,1.4229,1.142,0.5764,0.5574,0.2562,0.0723,10.3349,25.7366,6.5025,0.0831,0.2701,0.2708,0.0748,0.3957,87360,55.3932,35.8642,60.6487,60.8053,0.933,74.1613
Eastlyn,Myse,2020,0,0,0,0,0,0,0,0,0,0,0,0,0,0,0,0,0,0,0,0,10.19,1980.09,1964,70.25,492.165918,59.545,4.97,64.515,19.02,2.0233,0.0875,23.7773,41.9386,28.4746,1.4229,1.142,0.5764,0.5574,0.2562,0.0723,10.3349,25.7366,6.5025,0.0831,0.2701,0.2708,0.0748,0.3957,87360,55.3932,35.8642,60.6487,60.8053,0.933,74.1613
Eastlyn,Nyhu,2020,14,19,30,21,4,7,6,7,13.5,108,1,4,3,1,0,0,1,0,1.25,10,10.19,1980.09,1964,70.25,492.165918,59.545,4.97,64.515,19.02,2.0233,0.0875,23.7773,41.9386,28.4746,1.4229,1.142,0.5764,0.5574,0.2562,0.0723,10.3349,25.7366,6.5025,0.0831,0.2701,0.2708,0.0748,0.3957,87360,55.3932,35.8642,60.6487,60.8053,0.933,74.1613
Eastlyn,Pesu,2020,0,0,0,0,0,0,0,0,0,0,0,0,0,0,0,0,0,0,0,0,10.19,1980.09,1964,70.25,492.165918,59.545,4.97,64.515,19.02,2.0233,0.0875,23.7773,41.9386,28.4746,1.4229,1.142,0.5764,0.5574,0.2562,0.0723,10.3349,25.7366,6.5025,0.0831,0.2701,0.2708,0.0748,0.3957,87360,55.3932,35.8642,60.6487,60.8053,0.933,74.1613
HarborPines,Epfu,2020,315,325,414,313,363,303,457,365,356.875,2855,23,29,26,25,19,22,44,22,26.25,210,74.69,21717.42,1996,21.32,2216.805901,97.902,33.95,131.852,41.26,6.7747,2.734,31.3412,1.9759,31.2989,4.6371,1.0927,5.4396,14.7059,2.1685,0.9375,8.4901,1.1149,14.2668,0.1461,2.2517,0.1766,1.4824,6.622,200850,82.6621,57.0978,63.021,61.5821,0.895,77.1229
HarborPines,HiF,2020,16,14,7,14,22,19,32,41,20.625,165,1,1,1,1,0,0,3,2,1.125,9,74.69,21717.42,1996,21.32,2216.805901,97.902,33.95,131.852,41.26,6.7747,2.734,31.3412,1.9759,31.2989,4.6371,1.0927,5.4396,14.7059,2.1685,0.9375,8.4901,1.1149,14.2668,0.1461,2.2517,0.1766,1.4824,6.622,200850,82.6621,57.0978,63.021,61.5821,0.895,77.1229
HarborPines,Labo,2020,4,3,0,0,14,2,3,4,3.75,30,1,0,0,0,1,0,1,0,0.375,3,74.69,21717.42,1996,21.32,2216.805901,97.902,33.95,131.852,41.26,6.7747,2.734,31.3412,1.9759,31.2989,4.6371,1.0927,5.4396,14.7059,2.1685,0.9375,8.4901,1.1149,14.2668,0.1461,2.2517,0.1766,1.4824,6.622,200850,82.6621,57.0978,63.021,61.5821,0.895,77.1229
HarborPines,Laci,2020,39,30,37,34,10,22,21,6,24.875,199,0,0,4,1,0,1,2,0,1,8,74.69,21717.42,1996,21.32,2216.805901,97.902,33.95,131.852,41.26,6.7747,2.734,31.3412,1.9759,31.2989,4.6371,1.0927,5.4396,14.7059,2.1685,0.9375,8.4901,1.1149,14.2668,0.1461,2.2517,0.1766,1.4824,6.622,200850,82.6621,57.0978,63.021,61.5821,0.895,77.1229
HarborPines,Lano,2020,92,60,64,57,62,35,31,34,54.375,435,0,0,2,0,1,3,0,2,1,8,74.69,21717.42,1996,21.32,2216.805901,97.902,33.95,131.852,41.26,6.7747,2.734,31.3412,1.9759,31.2989,4.6371,1.0927,5.4396,14.7059,2.1685,0.9375,8.4901,1.1149,14.2668,0.1461,2.2517,0.1766,1.4824,6.622,200850,82.6621,57.0978,63.021,61.5821,0.895,77.1229
HarborPines,LoF,2020,113,100,115,125,97,153,197,185,135.625,1085,2,3,3,0,1,5,5,1,2.5,20,74.69,21717.42,1996,21.32,2216.805901,97.902,33.95,131.852,41.26,6.7747,2.734,31.3412,1.9759,31.2989,4.6371,1.0927,5.4396,14.7059,2.1685,0.9375,8.4901,1.1149,14.2668,0.1461,2.2517,0.1766,1.4824,6.622,200850,82.6621,57.0978,63.021,61.5821,0.895,77.1229
HarborPines,Luso,2020,0,1,0,4,1,2,0,2,1.25,10,1,1,0,0,0,0,1,2,0.625,5,74.69,21717.42,1996,21.32,2216.805901,97.902,33.95,131.852,41.26,6.7747,2.734,31.3412,1.9759,31.2989,4.6371,1.0927,5.4396,14.7059,2.1685,0.9375,8.4901,1.1149,14.2668,0.1461,2.2517,0.1766,1.4824,6.622,200850,82.6621,57.0978,63.021,61.5821,0.895,77.1229
HarborPines,Myle,2020,0,0,0,0,0,0,0,0,0,0,0,0,0,0,0,0,0,0,0,0,74.69,21717.42,1996,21.32,2216.805901,97.902,33.95,131.852,41.26,6.7747,2.734,31.3412,1.9759,31.2989,4.6371,1.0927,5.4396,14.7059,2.1685,0.9375,8.4901,1.1149,14.2668,0.1461,2.2517,0.1766,1.4824,6.622,200850,82.6621,57.0978,63.021,61.5821,0.895,77.1229
HarborPines,Myse,2020,0,0,0,0,0,0,0,0,0,0,0,0,0,0,0,0,0,0,0,0,74.69,21717.42,1996,21.32,2216.805901,97.902,33.95,131.852,41.26,6.7747,2.734,31.3412,1.9759,31.2989,4.6371,1.0927,5.4396,14.7059,2.1685,0.9375,8.4901,1.1149,14.2668,0.1461,2.2517,0.1766,1.4824,6.622,200850,82.6621,57.0978,63.021,61.5821,0.895,77.1229
HarborPines,Nyhu,2020,20,10,3,4,16,1,4,6,8,64,0,0,0,0,0,0,0,0,0,0,74.69,21717.42,1996,21.32,2216.805901,97.902,33.95,131.852,41.26,6.7747,2.734,31.3412,1.9759,31.2989,4.6371,1.0927,5.4396,14.7059,2.1685,0.9375,8.4901,1.1149,14.2668,0.1461,2.2517,0.1766,1.4824,6.622,200850,82.6621,57.0978,63.021,61.5821,0.895,77.1229
HarborPines,Pesu,2020,0,0,0,0,0,0,0,0,0,0,0,0,0,0,0,0,0,0,0,0,74.69,21717.42,1996,21.32,2216.805901,97.902,33.95,131.852,41.26,6.7747,2.734,31.3412,1.9759,31.2989,4.6371,1.0927,5.4396,14.7059,2.1685,0.9375,8.4901,1.1149,14.2668,0.1461,2.2517,0.1766,1.4824,6.622,200850,82.6621,57.0978,63.021,61.5821,0.895,77.1229
HighPoint,Epfu,2020,44,31,24,3,103,NA,NA,NA,41,205,0,1,1,0,2,NA,NA,NA,0.8,4,53.93,16903.43,1966,647.07,633.227306,45.516,21.956,67.472,37.58,2.5183,0.2576,13.1912,7.6869,60.0556,5.6478,2.3339,4.4871,3.8216,0.2976,0.0891,2.0146,1.538,21.1561,0.2903,1.0584,0.2629,1.2252,0.7028,252990,103.4259,60.8446,55.3855,54.2711,0.8951,79.7276
HighPoint,HiF,2020,15,9,6,1,60,NA,NA,NA,18.2,91,0,1,0,0,1,NA,NA,NA,0.4,2,53.93,16903.43,1966,647.07,633.227306,45.516,21.956,67.472,37.58,2.5183,0.2576,13.1912,7.6869,60.0556,5.6478,2.3339,4.4871,3.8216,0.2976,0.0891,2.0146,1.538,21.1561,0.2903,1.0584,0.2629,1.2252,0.7028,252990,103.4259,60.8446,55.3855,54.2711,0.8951,79.7276
HighPoint,Labo,2020,1,1,0,0,1,NA,NA,NA,0.6,3,0,0,0,0,0,NA,NA,NA,0,0,53.93,16903.43,1966,647.07,633.227306,45.516,21.956,67.472,37.58,2.5183,0.2576,13.1912,7.6869,60.0556,5.6478,2.3339,4.4871,3.8216,0.2976,0.0891,2.0146,1.538,21.1561,0.2903,1.0584,0.2629,1.2252,0.7028,252990,103.4259,60.8446,55.3855,54.2711,0.8951,79.7276
HighPoint,Laci,2020,2,0,0,0,3,NA,NA,NA,1,5,0,0,0,0,0,NA,NA,NA,0,0,53.93,16903.43,1966,647.07,633.227306,45.516,21.956,67.472,37.58,2.5183,0.2576,13.1912,7.6869,60.0556,5.6478,2.3339,4.4871,3.8216,0.2976,0.0891,2.0146,1.538,21.1561,0.2903,1.0584,0.2629,1.2252,0.7028,252990,103.4259,60.8446,55.3855,54.2711,0.8951,79.7276
HighPoint,Lano,2020,6,2,0,0,5,NA,NA,NA,2.6,13,0,0,0,0,0,NA,NA,NA,0,0,53.93,16903.43,1966,647.07,633.227306,45.516,21.956,67.472,37.58,2.5183,0.2576,13.1912,7.6869,60.0556,5.6478,2.3339,4.4871,3.8216,0.2976,0.0891,2.0146,1.538,21.1561,0.2903,1.0584,0.2629,1.2252,0.7028,252990,103.4259,60.8446,55.3855,54.2711,0.8951,79.7276
HighPoint,LoF,2020,135,75,67,4,55,NA,NA,NA,67.2,336,0,0,0,0,0,NA,NA,NA,0,0,53.93,16903.43,1966,647.07,633.227306,45.516,21.956,67.472,37.58,2.5183,0.2576,13.1912,7.6869,60.0556,5.6478,2.3339,4.4871,3.8216,0.2976,0.0891,2.0146,1.538,21.1561,0.2903,1.0584,0.2629,1.2252,0.7028,252990,103.4259,60.8446,55.3855,54.2711,0.8951,79.7276
HighPoint,Luso,2020,0,3,0,0,3,NA,NA,NA,1.2,6,0,0,0,0,2,NA,NA,NA,0.4,2,53.93,16903.43,1966,647.07,633.227306,45.516,21.956,67.472,37.58,2.5183,0.2576,13.1912,7.6869,60.0556,5.6478,2.3339,4.4871,3.8216,0.2976,0.0891,2.0146,1.538,21.1561,0.2903,1.0584,0.2629,1.2252,0.7028,252990,103.4259,60.8446,55.3855,54.2711,0.8951,79.7276
HighPoint,Myle,2020,0,0,0,0,0,NA,NA,NA,0,0,0,0,0,0,0,NA,NA,NA,0,0,53.93,16903.43,1966,647.07,633.227306,45.516,21.956,67.472,37.58,2.5183,0.2576,13.1912,7.6869,60.0556,5.6478,2.3339,4.4871,3.8216,0.2976,0.0891,2.0146,1.538,21.1561,0.2903,1.0584,0.2629,1.2252,0.7028,252990,103.4259,60.8446,55.3855,54.2711,0.8951,79.7276
HighPoint,Myse,2020,0,0,0,0,0,NA,NA,NA,0,0,0,0,0,0,0,NA,NA,NA,0,0,53.93,16903.43,1966,647.07,633.227306,45.516,21.956,67.472,37.58,2.5183,0.2576,13.1912,7.6869,60.0556,5.6478,2.3339,4.4871,3.8216,0.2976,0.0891,2.0146,1.538,21.1561,0.2903,1.0584,0.2629,1.2252,0.7028,252990,103.4259,60.8446,55.3855,54.2711,0.8951,79.7276
HighPoint,Nyhu,2020,0,0,0,0,1,NA,NA,NA,0.2,1,0,0,0,0,0,NA,NA,NA,0,0,53.93,16903.43,1966,647.07,633.227306,45.516,21.956,67.472,37.58,2.5183,0.2576,13.1912,7.6869,60.0556,5.6478,2.3339,4.4871,3.8216,0.2976,0.0891,2.0146,1.538,21.1561,0.2903,1.0584,0.2629,1.2252,0.7028,252990,103.4259,60.8446,55.3855,54.2711,0.8951,79.7276
HighPoint,Pesu,2020,0,1,0,0,5,NA,NA,NA,1.2,6,0,0,0,0,0,NA,NA,NA,0,0,53.93,16903.43,1966,647.07,633.227306,45.516,21.956,67.472,37.58,2.5183,0.2576,13.1912,7.6869,60.0556,5.6478,2.3339,4.4871,3.8216,0.2976,0.0891,2.0146,1.538,21.1561,0.2903,1.0584,0.2629,1.2252,0.7028,252990,103.4259,60.8446,55.3855,54.2711,0.8951,79.7276
Neshanic,Epfu,2020,136,740,717,NA,0,84,56,NA,288.8333333,1733,5,28,13,NA,0,1,1,NA,8,48,100.14,9927.44,2004,108.47,845.187681,52.8,16.26,69.06,42.64,3.52,0.478,31.7935,40.7363,9.5078,4.1238,5.3252,2.5887,1.9266,1.2262,0.2332,11.8181,6.4237,0.7939,0.2009,1.2654,0.4425,1.4682,0.2262,97640,45.6255,29.1709,62.1778,59.5656,0.8255,84.2082
Neshanic,HiF,2020,5,2,2,NA,0,2,3,NA,2.333333333,14,0,0,0,NA,0,0,0,NA,0,0,100.14,9927.44,2004,108.47,845.187681,52.8,16.26,69.06,42.64,3.52,0.478,31.7935,40.7363,9.5078,4.1238,5.3252,2.5887,1.9266,1.2262,0.2332,11.8181,6.4237,0.7939,0.2009,1.2654,0.4425,1.4682,0.2262,97640,45.6255,29.1709,62.1778,59.5656,0.8255,84.2082
Neshanic,Labo,2020,0,2,1,NA,0,3,0,NA,1,6,0,0,1,NA,0,0,0,NA,0.166666667,1,100.14,9927.44,2004,108.47,845.187681,52.8,16.26,69.06,42.64,3.52,0.478,31.7935,40.7363,9.5078,4.1238,5.3252,2.5887,1.9266,1.2262,0.2332,11.8181,6.4237,0.7939,0.2009,1.2654,0.4425,1.4682,0.2262,97640,45.6255,29.1709,62.1778,59.5656,0.8255,84.2082
Neshanic,Laci,2020,2,6,9,NA,0,4,2,NA,3.833333333,23,0,0,0,NA,0,0,0,NA,0,0,100.14,9927.44,2004,108.47,845.187681,52.8,16.26,69.06,42.64,3.52,0.478,31.7935,40.7363,9.5078,4.1238,5.3252,2.5887,1.9266,1.2262,0.2332,11.8181,6.4237,0.7939,0.2009,1.2654,0.4425,1.4682,0.2262,97640,45.6255,29.1709,62.1778,59.5656,0.8255,84.2082
Neshanic,Lano,2020,13,26,28,NA,0,11,12,NA,15,90,0,0,0,NA,0,0,0,NA,0,0,100.14,9927.44,2004,108.47,845.187681,52.8,16.26,69.06,42.64,3.52,0.478,31.7935,40.7363,9.5078,4.1238,5.3252,2.5887,1.9266,1.2262,0.2332,11.8181,6.4237,0.7939,0.2009,1.2654,0.4425,1.4682,0.2262,97640,45.6255,29.1709,62.1778,59.5656,0.8255,84.2082
Neshanic,LoF,2020,98,126,165,NA,0,84,138,NA,101.8333333,611,0,0,0,NA,0,1,1,NA,0.333333333,2,100.14,9927.44,2004,108.47,845.187681,52.8,16.26,69.06,42.64,3.52,0.478,31.7935,40.7363,9.5078,4.1238,5.3252,2.5887,1.9266,1.2262,0.2332,11.8181,6.4237,0.7939,0.2009,1.2654,0.4425,1.4682,0.2262,97640,45.6255,29.1709,62.1778,59.5656,0.8255,84.2082
Neshanic,Luso,2020,0,0,0,NA,0,0,0,NA,0,0,0,0,0,NA,0,0,0,NA,0,0,100.14,9927.44,2004,108.47,845.187681,52.8,16.26,69.06,42.64,3.52,0.478,31.7935,40.7363,9.5078,4.1238,5.3252,2.5887,1.9266,1.2262,0.2332,11.8181,6.4237,0.7939,0.2009,1.2654,0.4425,1.4682,0.2262,97640,45.6255,29.1709,62.1778,59.5656,0.8255,84.2082
Neshanic,Myle,2020,0,0,0,NA,0,0,0,NA,0,0,0,0,0,NA,0,0,0,NA,0,0,100.14,9927.44,2004,108.47,845.187681,52.8,16.26,69.06,42.64,3.52,0.478,31.7935,40.7363,9.5078,4.1238,5.3252,2.5887,1.9266,1.2262,0.2332,11.8181,6.4237,0.7939,0.2009,1.2654,0.4425,1.4682,0.2262,97640,45.6255,29.1709,62.1778,59.5656,0.8255,84.2082
Neshanic,Myse,2020,0,0,0,NA,0,0,0,NA,0,0,0,0,0,NA,0,0,0,NA,0,0,100.14,9927.44,2004,108.47,845.187681,52.8,16.26,69.06,42.64,3.52,0.478,31.7935,40.7363,9.5078,4.1238,5.3252,2.5887,1.9266,1.2262,0.2332,11.8181,6.4237,0.7939,0.2009,1.2654,0.4425,1.4682,0.2262,97640,45.6255,29.1709,62.1778,59.5656,0.8255,84.2082
Neshanic,Nyhu,2020,0,0,1,NA,0,0,0,NA,0.166666667,1,0,0,0,NA,0,0,0,NA,0,0,100.14,9927.44,2004,108.47,845.187681,52.8,16.26,69.06,42.64,3.52,0.478,31.7935,40.7363,9.5078,4.1238,5.3252,2.5887,1.9266,1.2262,0.2332,11.8181,6.4237,0.7939,0.2009,1.2654,0.4425,1.4682,0.2262,97640,45.6255,29.1709,62.1778,59.5656,0.8255,84.2082
Neshanic,Pesu,2020,0,0,0,NA,0,0,0,NA,0,0,0,0,0,NA,0,0,0,NA,0,0,100.14,9927.44,2004,108.47,845.187681,52.8,16.26,69.06,42.64,3.52,0.478,31.7935,40.7363,9.5078,4.1238,5.3252,2.5887,1.9266,1.2262,0.2332,11.8181,6.4237,0.7939,0.2009,1.2654,0.4425,1.4682,0.2262,97640,45.6255,29.1709,62.1778,59.5656,0.8255,84.2082
Overpeck,Epfu,2020,558,615,NA,660,100,293,NA,63,381.5,2289,34,31,NA,43,6,14,NA,3,21.83333333,131,43.87,7672.95,1968,9.35,7020.987063,196.645,81.369,278.014,20.95,28.3823,0.4582,48.3566,0.5102,7.8467,8.8757,0.971,3.5778,1.0215,24.1679,0.1622,14.4334,0.4471,1.168,0.3678,1.9738,0.1076,1.748,0.2607,56390,28.4879,20.5475,68.0142,65.5945,0.8673,70.0813
Overpeck,HiF,2020,29,18,NA,43,83,80,NA,31,47.33333333,284,1,2,NA,3,2,7,NA,2,2.833333333,17,43.87,7672.95,1968,9.35,7020.987063,196.645,81.369,278.014,20.95,28.3823,0.4582,48.3566,0.5102,7.8467,8.8757,0.971,3.5778,1.0215,24.1679,0.1622,14.4334,0.4471,1.168,0.3678,1.9738,0.1076,1.748,0.2607,56390,28.4879,20.5475,68.0142,65.5945,0.8673,70.0813
Overpeck,Labo,2020,15,5,NA,14,14,8,NA,5,10.16666667,61,2,1,NA,0,0,0,NA,0,0.5,3,43.87,7672.95,1968,9.35,7020.987063,196.645,81.369,278.014,20.95,28.3823,0.4582,48.3566,0.5102,7.8467,8.8757,0.971,3.5778,1.0215,24.1679,0.1622,14.4334,0.4471,1.168,0.3678,1.9738,0.1076,1.748,0.2607,56390,28.4879,20.5475,68.0142,65.5945,0.8673,70.0813
Overpeck,Laci,2020,15,32,NA,32,14,42,NA,12,24.5,147,0,1,NA,1,1,1,NA,0,0.666666667,4,43.87,7672.95,1968,9.35,7020.987063,196.645,81.369,278.014,20.95,28.3823,0.4582,48.3566,0.5102,7.8467,8.8757,0.971,3.5778,1.0215,24.1679,0.1622,14.4334,0.4471,1.168,0.3678,1.9738,0.1076,1.748,0.2607,56390,28.4879,20.5475,68.0142,65.5945,0.8673,70.0813
Overpeck,Lano,2020,30,28,NA,37,33,36,NA,14,29.66666667,178,0,0,NA,0,0,0,NA,0,0,0,43.87,7672.95,1968,9.35,7020.987063,196.645,81.369,278.014,20.95,28.3823,0.4582,48.3566,0.5102,7.8467,8.8757,0.971,3.5778,1.0215,24.1679,0.1622,14.4334,0.4471,1.168,0.3678,1.9738,0.1076,1.748,0.2607,56390,28.4879,20.5475,68.0142,65.5945,0.8673,70.0813
Overpeck,LoF,2020,109,143,NA,216,71,97,NA,28,110.6666667,664,1,5,NA,9,2,0,NA,0,2.833333333,17,43.87,7672.95,1968,9.35,7020.987063,196.645,81.369,278.014,20.95,28.3823,0.4582,48.3566,0.5102,7.8467,8.8757,0.971,3.5778,1.0215,24.1679,0.1622,14.4334,0.4471,1.168,0.3678,1.9738,0.1076,1.748,0.2607,56390,28.4879,20.5475,68.0142,65.5945,0.8673,70.0813
Overpeck,Luso,2020,0,0,NA,0,1,1,NA,1,0.5,3,0,0,NA,0,0,0,NA,0,0,0,43.87,7672.95,1968,9.35,7020.987063,196.645,81.369,278.014,20.95,28.3823,0.4582,48.3566,0.5102,7.8467,8.8757,0.971,3.5778,1.0215,24.1679,0.1622,14.4334,0.4471,1.168,0.3678,1.9738,0.1076,1.748,0.2607,56390,28.4879,20.5475,68.0142,65.5945,0.8673,70.0813
Overpeck,Myle,2020,0,0,NA,0,1,0,NA,0,0.166666667,1,0,0,NA,0,0,0,NA,0,0,0,43.87,7672.95,1968,9.35,7020.987063,196.645,81.369,278.014,20.95,28.3823,0.4582,48.3566,0.5102,7.8467,8.8757,0.971,3.5778,1.0215,24.1679,0.1622,14.4334,0.4471,1.168,0.3678,1.9738,0.1076,1.748,0.2607,56390,28.4879,20.5475,68.0142,65.5945,0.8673,70.0813
Overpeck,Myse,2020,0,0,NA,0,0,0,NA,0,0,0,0,0,NA,0,0,0,NA,0,0,0,43.87,7672.95,1968,9.35,7020.987063,196.645,81.369,278.014,20.95,28.3823,0.4582,48.3566,0.5102,7.8467,8.8757,0.971,3.5778,1.0215,24.1679,0.1622,14.4334,0.4471,1.168,0.3678,1.9738,0.1076,1.748,0.2607,56390,28.4879,20.5475,68.0142,65.5945,0.8673,70.0813
Overpeck,Nyhu,2020,28,17,NA,20,13,20,NA,1,16.5,99,2,3,NA,0,0,3,NA,0,1.333333333,8,43.87,7672.95,1968,9.35,7020.987063,196.645,81.369,278.014,20.95,28.3823,0.4582,48.3566,0.5102,7.8467,8.8757,0.971,3.5778,1.0215,24.1679,0.1622,14.4334,0.4471,1.168,0.3678,1.9738,0.1076,1.748,0.2607,56390,28.4879,20.5475,68.0142,65.5945,0.8673,70.0813
Overpeck,Pesu,2020,0,1,NA,0,0,2,NA,1,0.666666667,4,0,0,NA,0,0,0,NA,1,0.166666667,1,43.87,7672.95,1968,9.35,7020.987063,196.645,81.369,278.014,20.95,28.3823,0.4582,48.3566,0.5102,7.8467,8.8757,0.971,3.5778,1.0215,24.1679,0.1622,14.4334,0.4471,1.168,0.3678,1.9738,0.1076,1.748,0.2607,56390,28.4879,20.5475,68.0142,65.5945,0.8673,70.0813
Rutgers,Epfu,2020,140,25,NA,NA,12,8,NA,NA,46.25,185,3,5,NA,NA,1,1,NA,NA,2.5,10,43.36,5155.44,1963,73.55,2389.049153,138.234,37.036,175.27,42.14,26.0171,0.6738,33.3384,0.1037,16.2201,13.4756,4.2191,4.4356,1.5165,15.695,0.2064,9.5487,0.055,3.196,0.8818,2.7942,0.8548,2.8847,0.3636,119780,63.4005,47.5633,72.8788,72.1226,0.8696,82.526
Rutgers,HiF,2020,34,2,NA,NA,14,9,NA,NA,14.75,59,0,0,NA,NA,0,0,NA,NA,0,0,43.36,5155.44,1963,73.55,2389.049153,138.234,37.036,175.27,42.14,26.0171,0.6738,33.3384,0.1037,16.2201,13.4756,4.2191,4.4356,1.5165,15.695,0.2064,9.5487,0.055,3.196,0.8818,2.7942,0.8548,2.8847,0.3636,119780,63.4005,47.5633,72.8788,72.1226,0.8696,82.526
Rutgers,Labo,2020,0,0,NA,NA,1,0,NA,NA,0.25,1,0,0,NA,NA,0,0,NA,NA,0,0,43.36,5155.44,1963,73.55,2389.049153,138.234,37.036,175.27,42.14,26.0171,0.6738,33.3384,0.1037,16.2201,13.4756,4.2191,4.4356,1.5165,15.695,0.2064,9.5487,0.055,3.196,0.8818,2.7942,0.8548,2.8847,0.3636,119780,63.4005,47.5633,72.8788,72.1226,0.8696,82.526
Rutgers,Laci,2020,2,0,NA,NA,0,0,NA,NA,0.5,2,0,0,NA,NA,0,0,NA,NA,0,0,43.36,5155.44,1963,73.55,2389.049153,138.234,37.036,175.27,42.14,26.0171,0.6738,33.3384,0.1037,16.2201,13.4756,4.2191,4.4356,1.5165,15.695,0.2064,9.5487,0.055,3.196,0.8818,2.7942,0.8548,2.8847,0.3636,119780,63.4005,47.5633,72.8788,72.1226,0.8696,82.526
Rutgers,Lano,2020,0,0,NA,NA,2,1,NA,NA,0.75,3,0,0,NA,NA,0,0,NA,NA,0,0,43.36,5155.44,1963,73.55,2389.049153,138.234,37.036,175.27,42.14,26.0171,0.6738,33.3384,0.1037,16.2201,13.4756,4.2191,4.4356,1.5165,15.695,0.2064,9.5487,0.055,3.196,0.8818,2.7942,0.8548,2.8847,0.3636,119780,63.4005,47.5633,72.8788,72.1226,0.8696,82.526
Rutgers,LoF,2020,87,7,NA,NA,15,16,NA,NA,31.25,125,2,2,NA,NA,0,0,NA,NA,1,4,43.36,5155.44,1963,73.55,2389.049153,138.234,37.036,175.27,42.14,26.0171,0.6738,33.3384,0.1037,16.2201,13.4756,4.2191,4.4356,1.5165,15.695,0.2064,9.5487,0.055,3.196,0.8818,2.7942,0.8548,2.8847,0.3636,119780,63.4005,47.5633,72.8788,72.1226,0.8696,82.526
Rutgers,Luso,2020,0,0,NA,NA,0,0,NA,NA,0,0,0,0,NA,NA,0,0,NA,NA,0,0,43.36,5155.44,1963,73.55,2389.049153,138.234,37.036,175.27,42.14,26.0171,0.6738,33.3384,0.1037,16.2201,13.4756,4.2191,4.4356,1.5165,15.695,0.2064,9.5487,0.055,3.196,0.8818,2.7942,0.8548,2.8847,0.3636,119780,63.4005,47.5633,72.8788,72.1226,0.8696,82.526
Rutgers,Myle,2020,0,0,NA,NA,0,0,NA,NA,0,0,0,0,NA,NA,0,0,NA,NA,0,0,43.36,5155.44,1963,73.55,2389.049153,138.234,37.036,175.27,42.14,26.0171,0.6738,33.3384,0.1037,16.2201,13.4756,4.2191,4.4356,1.5165,15.695,0.2064,9.5487,0.055,3.196,0.8818,2.7942,0.8548,2.8847,0.3636,119780,63.4005,47.5633,72.8788,72.1226,0.8696,82.526
Rutgers,Myse,2020,0,0,NA,NA,0,0,NA,NA,0,0,0,0,NA,NA,0,0,NA,NA,0,0,43.36,5155.44,1963,73.55,2389.049153,138.234,37.036,175.27,42.14,26.0171,0.6738,33.3384,0.1037,16.2201,13.4756,4.2191,4.4356,1.5165,15.695,0.2064,9.5487,0.055,3.196,0.8818,2.7942,0.8548,2.8847,0.3636,119780,63.4005,47.5633,72.8788,72.1226,0.8696,82.526
Rutgers,Nyhu,2020,0,0,NA,NA,0,0,NA,NA,0,0,0,0,NA,NA,0,0,NA,NA,0,0,43.36,5155.44,1963,73.55,2389.049153,138.234,37.036,175.27,42.14,26.0171,0.6738,33.3384,0.1037,16.2201,13.4756,4.2191,4.4356,1.5165,15.695,0.2064,9.5487,0.055,3.196,0.8818,2.7942,0.8548,2.8847,0.3636,119780,63.4005,47.5633,72.8788,72.1226,0.8696,82.526
Rutgers,Pesu,2020,0,0,NA,NA,0,0,NA,NA,0,0,0,0,NA,NA,0,0,NA,NA,0,0,43.36,5155.44,1963,73.55,2389.049153,138.234,37.036,175.27,42.14,26.0171,0.6738,33.3384,0.1037,16.2201,13.4756,4.2191,4.4356,1.5165,15.695,0.2064,9.5487,0.055,3.196,0.8818,2.7942,0.8548,2.8847,0.3636,119780,63.4005,47.5633,72.8788,72.1226,0.8696,82.526
StantonRidge,Epfu,2020,130,105,248,232,199,62,106,NA,154.5714286,1082,5,10,8,17,10,1,3,NA,7.714285714,54,47.83,13001.25,1994,253.68,531.927613,54.484,13.902,68.386,45.9,1.1422,0.0721,27.75,21.7422,34.6475,2.4111,4.0232,8.0449,0.1668,0.1098,0.0494,6.035,6.9262,15.4822,0.7251,0.4024,0.4058,7.5761,0.0298,204820,77.3089,41.5554,51.4465,53.4588,0.9036,71.9127
StantonRidge,HiF,2020,14,8,44,48,8,18,5,NA,20.71428571,145,0,0,0,5,0,1,0,NA,0.857142857,6,47.83,13001.25,1994,253.68,531.927613,54.484,13.902,68.386,45.9,1.1422,0.0721,27.75,21.7422,34.6475,2.4111,4.0232,8.0449,0.1668,0.1098,0.0494,6.035,6.9262,15.4822,0.7251,0.4024,0.4058,7.5761,0.0298,204820,77.3089,41.5554,51.4465,53.4588,0.9036,71.9127
StantonRidge,Labo,2020,3,3,6,8,2,2,4,NA,4,28,0,1,0,0,0,0,0,NA,0.142857143,1,47.83,13001.25,1994,253.68,531.927613,54.484,13.902,68.386,45.9,1.1422,0.0721,27.75,21.7422,34.6475,2.4111,4.0232,8.0449,0.1668,0.1098,0.0494,6.035,6.9262,15.4822,0.7251,0.4024,0.4058,7.5761,0.0298,204820,77.3089,41.5554,51.4465,53.4588,0.9036,71.9127
StantonRidge,Laci,2020,1,0,1,2,3,2,5,NA,2,14,0,0,0,0,0,0,0,NA,0,0,47.83,13001.25,1994,253.68,531.927613,54.484,13.902,68.386,45.9,1.1422,0.0721,27.75,21.7422,34.6475,2.4111,4.0232,8.0449,0.1668,0.1098,0.0494,6.035,6.9262,15.4822,0.7251,0.4024,0.4058,7.5761,0.0298,204820,77.3089,41.5554,51.4465,53.4588,0.9036,71.9127
StantonRidge,Lano,2020,0,2,11,5,2,0,4,NA,3.428571429,24,0,0,0,0,0,0,0,NA,0,0,47.83,13001.25,1994,253.68,531.927613,54.484,13.902,68.386,45.9,1.1422,0.0721,27.75,21.7422,34.6475,2.4111,4.0232,8.0449,0.1668,0.1098,0.0494,6.035,6.9262,15.4822,0.7251,0.4024,0.4058,7.5761,0.0298,204820,77.3089,41.5554,51.4465,53.4588,0.9036,71.9127
StantonRidge,LoF,2020,11,21,140,119,213,185,132,NA,117.2857143,821,0,0,2,0,3,2,0,NA,1,7,47.83,13001.25,1994,253.68,531.927613,54.484,13.902,68.386,45.9,1.1422,0.0721,27.75,21.7422,34.6475,2.4111,4.0232,8.0449,0.1668,0.1098,0.0494,6.035,6.9262,15.4822,0.7251,0.4024,0.4058,7.5761,0.0298,204820,77.3089,41.5554,51.4465,53.4588,0.9036,71.9127
StantonRidge,Luso,2020,0,0,0,0,0,0,1,NA,0.142857143,1,0,0,0,0,0,0,1,NA,0.142857143,1,47.83,13001.25,1994,253.68,531.927613,54.484,13.902,68.386,45.9,1.1422,0.0721,27.75,21.7422,34.6475,2.4111,4.0232,8.0449,0.1668,0.1098,0.0494,6.035,6.9262,15.4822,0.7251,0.4024,0.4058,7.5761,0.0298,204820,77.3089,41.5554,51.4465,53.4588,0.9036,71.9127
StantonRidge,Myle,2020,0,0,0,0,0,0,0,NA,0,0,0,0,0,0,0,0,0,NA,0,0,47.83,13001.25,1994,253.68,531.927613,54.484,13.902,68.386,45.9,1.1422,0.0721,27.75,21.7422,34.6475,2.4111,4.0232,8.0449,0.1668,0.1098,0.0494,6.035,6.9262,15.4822,0.7251,0.4024,0.4058,7.5761,0.0298,204820,77.3089,41.5554,51.4465,53.4588,0.9036,71.9127
StantonRidge,Myse,2020,0,0,0,0,0,0,0,NA,0,0,0,0,0,0,0,0,0,NA,0,0,47.83,13001.25,1994,253.68,531.927613,54.484,13.902,68.386,45.9,1.1422,0.0721,27.75,21.7422,34.6475,2.4111,4.0232,8.0449,0.1668,0.1098,0.0494,6.035,6.9262,15.4822,0.7251,0.4024,0.4058,7.5761,0.0298,204820,77.3089,41.5554,51.4465,53.4588,0.9036,71.9127
StantonRidge,Nyhu,2020,2,4,6,5,0,0,3,NA,2.857142857,20,0,1,0,1,0,0,0,NA,0.285714286,2,47.83,13001.25,1994,253.68,531.927613,54.484,13.902,68.386,45.9,1.1422,0.0721,27.75,21.7422,34.6475,2.4111,4.0232,8.0449,0.1668,0.1098,0.0494,6.035,6.9262,15.4822,0.7251,0.4024,0.4058,7.5761,0.0298,204820,77.3089,41.5554,51.4465,53.4588,0.9036,71.9127
StantonRidge,Pesu,2020,0,0,0,0,0,0,0,NA,0,0,0,0,0,0,0,0,0,NA,0,0,47.83,13001.25,1994,253.68,531.927613,54.484,13.902,68.386,45.9,1.1422,0.0721,27.75,21.7422,34.6475,2.4111,4.0232,8.0449,0.1668,0.1098,0.0494,6.035,6.9262,15.4822,0.7251,0.4024,0.4058,7.5761,0.0298,204820,77.3089,41.5554,51.4465,53.4588,0.9036,71.9127
